title,author,작품등록일,최근연재일,연재수,조회수,추천수,글자수,id
천마신교를 훔쳐라,딱복이최고,2024.12.17 13:21,-,0,0,0,0,450000
퓨전펑크의 히어로,낭만찾아,2024.12.17 13:26,2024.12.22 00:27,3,26,0,8942,450002
둠스데이 슈퍼 시스템,mygxcc,2024.12.17 13:37,-,0,0,0,0,450003
아포칼립스 헌터!,김기세,2024.12.17 14:05,2025.01.21 20:00,1,16,1,4568,450005
버림받은 재벌집 데릴사위는 땅부자가 되었다,류다™,2024.12.17 14:10,2025.01.22 08:05,38,269872,4577,196804,450006
아미파 제자를 임신시켰다,유휘.,2024.12.17 14:37,-,0,0,0,0,450009
무림맹주의 손녀를 임신시켰다,유휘.,2024.12.17 14:42,-,0,0,0,0,450010
편집자의 나날,과배기,2024.12.17 14:42,2024.12.17 23:17,1,7,0,4818,450011
예술 아카데미의 불세출 천재가 되었다,대박난작가,2024.12.17 14:42,2024.12.31 12:00,7,9,0,34096,450012
무림맹주의 손녀와 하룻밤을 보냈다,유휘.,2024.12.17 14:46,-,0,0,0,0,450013
빌런이 없는 세상,한로윤,2024.12.17 14:53,2024.12.17 14:58,1,4,0,1866,450015
천마를 임신시켰다,유휘.,2024.12.17 14:55,-,0,0,0,0,450016
멸망 속 낭만이 되었다,지우류,2024.12.17 15:48,2025.01.05 13:46,3,21,0,18288,450021
전생자는 종말을 막는 역병의사가 됐다.,공장성소,2024.12.17 16:00,2025.01.10 21:20,16,360,33,81787,450022
현생 풀템한 천재 투자자는 인생이 쉬움,앤조,2024.12.17 16:02,2025.01.13 18:00,29,6859,208,147960,450023
일단등록,momohell,2024.12.17 16:03,-,0,0,0,0,450024
나락배우는 퀘스트로 개같이 부활,베스퍼13,2024.12.17 16:12,2024.12.18 15:38,3,4,0,13898,450026
좀비 아포칼립스에서 방공호를 찾아다님,글러팅,2024.12.17 17:03,2025.01.21 21:05,32,1950,109,187790,450030
멸망한 세계의 소설가,111000,2024.12.17 17:04,-,0,0,0,0,450031
천하제일마트 강호를 할인하다.,혜성0711,2024.12.17 17:32,-,0,0,0,0,450034
무능의 슬라임 소환사,빙덕,2024.12.17 17:35,2024.12.17 17:39,2,3,0,9083,450035
웰컴 투 어비스 랜드!,woodwave,2024.12.17 17:39,2024.12.17 17:41,1,9,0,4033,450036
밑바닥 무사가 강호 무적이 되었다,대박작가다,2024.12.17 17:40,2024.12.17 18:06,1,37,0,5532,450037
탑에서도 총은 최강이다,sophist4679,2024.12.17 17:41,2024.12.29 17:43,15,142,0,75071,450038
별들의 항로 - 메타드림,bluesoya,2024.12.17 17:51,-,0,0,0,0,450040
누나들이 소설가 동생이 갖고 싶으시답니다.,혼오드아이,2024.12.17 18:04,2024.12.20 09:30,7,51,0,15427,450041
죽음의 용사여,방던,2024.12.17 18:47,-,0,0,0,0,450044
엔히크는 가슴속에 검을 품고 산다,타뮈리스,2024.12.17 18:57,2024.12.18 18:17,2,16,0,11874,450045
퓨전펑크의 바텐더가 살아가는 법.,하유웅,2024.12.17 19:09,-,0,0,0,0,450046
조금 특별한 배우생활,FL.R,2024.12.17 19:18,2025.01.21 18:41,31,2732,67,213843,450048
중판소속에들어왔으니죽기전까지검사도마법사도여관주인도해본다,그런생각,2024.12.17 19:32,-,0,0,0,0,450050
검신급 참격을 각성했다,이도일,2024.12.17 19:38,2025.01.20 16:19,1,20,2,4599,450051
"스파르타 호플리테스, 레디!",서안평,2024.12.17 19:52,2025.01.16 15:55,36,1411,214,256892,450052
사천당가 절대독마는 연금술사,장진백,2024.12.17 20:03,2025.01.09 19:00,25,34318,817,179250,450055
EX급 자힐러가 되었다,시캘당,2024.12.17 20:37,2024.12.20 17:40,5,96,1,18403,450060
각성하자마자 국가권력급 헌터.,이도일,2024.12.17 20:39,2024.12.20 23:44,4,1319,35,16599,450061
재벌후계자가 SSS급 참교육 함,후레시맨,2024.12.17 20:42,-,0,321,0,0,450062
종장 이후에 흐르는 시간,HRstudio,2024.12.17 20:44,-,0,0,0,0,450063
죽어가는 회귀소녀가 되었다,조아조아요,2024.12.17 20:53,2024.12.19 17:30,6,23,0,24941,450065
더러워서 성공한다,륜상,2024.12.17 20:54,2024.12.18 17:31,10,18,0,53341,450066
꼴통 형사,별하k,2024.12.17 21:13,2025.01.17 20:36,5,37,0,17206,450069
"중용, 작가라면 읽어야 할",oldpens,2024.12.17 21:25,2024.12.17 21:30,1,35,1,1036,450071
신이었는데 경찰합니다.,글만이,2024.12.17 21:33,2024.12.25 18:01,15,140,0,76361,450072
나는 오우거다.,Praba,2024.12.17 21:38,2025.01.22 00:44,34,4203,294,175867,450073
랜덤채팅으로 초월급 헌터,청송(靑松),2024.12.17 21:51,2025.01.10 11:57,25,25886,868,132453,450077
전생이 용사였다.,노벨핑,2024.12.17 22:21,-,0,0,0,0,450079
이번 생에는 날 지켜줘,하헹,2024.12.17 22:36,2024.12.20 22:45,2,36,2,6071,450081
아틀란,미르사,2024.12.17 22:38,2024.12.23 12:32,2,7,1,3535,450082
ojojo,toymoko337,2024.12.17 22:42,-,0,0,0,0,450083
회귀한 투수에게 흑역사란 없다,한지훈,2024.12.17 22:52,2025.01.22 07:20,57,571542,11599,318349,450084
동굴수선전,그런생각,2024.12.17 22:57,2024.12.22 02:44,5,415,6,23065,450085
흑막 서포터가 되었다,ascii,2024.12.17 22:59,2025.01.21 23:24,35,852,66,190411,450086
하면 인생이 바뀌는 야구선수,달디단,2024.12.17 23:20,2025.01.04 12:25,21,12363,306,122194,450088
소설 속 EX급 편집자,태식스,2024.12.17 23:34,2024.12.28 20:58,17,157,0,91054,450091
재벌 회장이 집착하는 천재 작가,팀버라이트,2024.12.17 23:50,2024.12.18 00:00,1,1,0,744,450094
아카데미 속 마법 잃은 마법사는 검을 든다,JO닉스,2024.12.18 00:27,2024.12.21 23:36,3,13,0,9220,450099
천재가 되어버린 백작가 막내,내닫,2024.12.18 00:42,-,0,0,0,0,450102
코인 떼부자 환생!,실설,2024.12.18 00:54,-,0,0,0,0,450105
흡전귀 (Money Suckers),락킴,2024.12.18 01:12,2025.01.21 17:00,30,925,36,112479,450106
포탑 깔고 누웠더니 차원이 날아갔다,s클래스,2024.12.18 01:34,2025.01.21 01:11,18,47,0,105797,450107
셰프가 무림신병을 주웠다,장정소고,2024.12.18 01:44,2025.01.21 20:05,34,3181,59,191895,450109
갑자기 상태창이 나타났다,흑당우유,2024.12.18 01:57,2024.12.19 23:58,2,17,0,9225,450110
우리집 여우딸,레일릭,2024.12.18 02:19,-,0,0,0,0,450111
천재 센터백의 시간은 특별하다,역작s,2024.12.18 02:50,-,0,0,0,0,450112
용병단 막내 법사,추도령,2024.12.18 03:10,2025.01.06 01:47,5,192,5,27483,450116
용사는 돈 벌고 싶다,우동사리,2024.12.18 05:39,-,0,0,0,0,450121
용사님은 돈 벌고 싶다,우동사리,2024.12.18 05:40,-,0,0,0,0,450122
반쪽짜리 헌터가 세계 최강자,관심태그,2024.12.18 06:07,2024.12.18 07:00,2,82,2,10553,450125
SSSSSS급 상점을 각성했다,콜라짱조아,2024.12.18 06:15,2024.12.27 07:20,12,1804,48,71771,450126
그리스로마신화 속 불법 체류자,jukkk,2024.12.18 08:05,2024.12.18 08:07,1,9,0,1803,450129
북유럽에서 신으로 살아남기.,jukkk,2024.12.18 08:24,-,0,0,0,0,450131
恨얼,괴설,2024.12.18 08:58,2024.12.18 09:01,1,10,0,3736,450132
회귀 후 300억으로 요식업,만선,2024.12.18 09:45,2025.01.21 23:32,38,39289,660,198815,450136
"실력만은 SSS급 헌터인 나, 국가헌터국에 저항합니다",이흰모래,2024.12.18 10:05,-,0,0,0,0,450137
로판 속 반역자 대공이 되었다.,명난청,2024.12.18 10:20,-,0,0,0,0,450139
살수무적,야채요리,2024.12.18 10:46,2024.12.18 10:47,1,11,0,5453,450141
주술사의 이야기,사자나미,2024.12.18 10:46,2024.12.18 11:06,2,6,0,10804,450142
나혼자 포획률10000％ 헌터,최재구,2024.12.18 11:29,2024.12.19 21:11,7,178,14,39962,450149
S급 음악천재의 아공간 단톡방.,검은양.,2024.12.18 11:52,2024.12.20 18:17,3,27,0,16280,450154
무림에도 친자확인이 필요하다,섬마을김씨,2024.12.18 12:04,2025.01.07 17:40,16,2271,56,91714,450158
제 직업은 NPC 입니다.,쓸쓸한겨울,2024.12.18 12:35,2024.12.21 17:52,8,51,0,35462,450162
결국 모든 것이 그렇다.,n3237_jisung090,2024.12.18 12:37,2024.12.19 11:42,1,1,0,1119,450164
즉사기로 판타지에서 살아남기,포더엠,2024.12.18 13:31,2024.12.18 23:47,2,10,0,8171,450168
다크판타지 속 EX급 파수꾼이 되었다.,레몬맛치약,2024.12.18 13:43,2025.01.10 08:39,10,515,7,52451,450174
SSS급 기술:꿈속은 만년후의 미래와 연결되어 있어,zhengqiyuan,2024.12.18 13:58,2024.12.30 15:02,16,585,13,132380,450176
"그림 정원, 꿈을 그리다",현작賢作,2024.12.18 14:03,-,0,0,0,0,450177
습)시련의 탑 관리자가 되었다,케이로드,2024.12.18 14:09,2024.12.25 23:57,8,24,0,44649,450181
뒷세계 네크로맨서,비상운,2024.12.18 14:15,-,0,0,0,0,450183
마법학교 마나 천재,비상운,2024.12.18 14:16,-,0,0,0,0,450184
허무의 마법사,토스카나,2024.12.18 14:27,2024.12.20 15:10,3,16,0,994,450185
세작회귀,날마당,2024.12.18 14:30,-,0,0,0,0,450187
마안의 무신(仙斬神殺鬼滅錄),급로불사,2024.12.18 14:35,2025.01.21 17:35,30,5042,96,185250,450188
귀신 퇴마록,skyvlueon,2024.12.18 14:35,2024.12.18 16:13,5,22,0,3551,450189
나의 푸른 세상,비기스,2024.12.18 14:37,2024.12.18 20:21,2,18,0,3279,450190
매니저님 천재에요??,이재수,2024.12.18 14:49,2024.12.18 15:11,19,265,1,98667,450191
퇴사 후 서핑선수가 되었다,95스피릿,2024.12.18 15:04,2024.12.22 14:20,4,290,24,24198,450193
검은달,글이베이글,2024.12.18 15:21,-,0,1,0,0,450194
재벌 3세는 우주를 만든다.,오검지주,2024.12.18 15:25,2025.01.22 00:00,18,117,0,122592,450196
회귀한 천재 플레이어,이재수,2024.12.18 15:30,2024.12.25 06:00,15,174,0,80388,450198
갑자기 기획사 사장하기,장이영,2024.12.18 15:38,-,0,0,0,0,450200
천하악제,글쓰는펭귄,2024.12.18 16:08,2025.01.22 00:03,7,212,10,13022,450201
탑 등반의 최종 보스가 되었다.,서리결,2024.12.18 16:11,2025.01.02 22:20,13,330,0,69218,450202
"소설가, 소망생.",김금토,2024.12.18 16:11,2025.01.21 16:58,32,308,1,226477,450203
무명살수가 옥황을 뒤집어 씀,머리큰,2024.12.18 16:18,2025.01.21 18:30,4,193,0,30708,450204
백수전대,도전작가,2024.12.18 16:34,-,0,0,0,0,450206
마왕이 대가리에 총을 맞았을 때 생기는 일에 대하여,커피맛소주,2024.12.18 16:44,2025.01.12 17:36,17,220,0,71111,450208
에테르의 유산,최선로,2024.12.18 17:24,2025.01.01 15:56,28,212,0,115446,450212
이세계에서 총 한 자루로 살아남는 법,닥터암,2024.12.18 17:25,2025.01.12 21:30,25,100576,3039,142856,450213
악마의 살인교사,28도,2024.12.18 17:26,2025.01.03 16:40,15,164,1,65344,450214
이혼 후 역대급 탑스타,린딩동,2024.12.18 17:28,2025.01.20 22:41,38,52361,992,192526,450215
탑의 SSS급 관리자가 되었다,동화나무,2024.12.18 17:36,2024.12.18 17:56,1,8,0,4056,450216
지구 멸망까지 300일,치미밍,2024.12.18 18:29,-,0,0,0,0,450219
세상은 내일도 돌아갑니다,산군의세상,2024.12.18 18:55,2025.01.01 13:05,3,9,0,16330,450221
1960 블록버스터 감독,한미르.,2024.12.18 18:59,-,0,0,0,0,450222
하트풀 애니멀즈: 동물학교의 비밀,캬오리,2024.12.18 19:08,2024.12.24 23:05,3,10,0,17632,450223
동래부사로 환생했다 2,야채요리,2024.12.18 19:48,2024.12.18 19:49,1,2,0,2335,450227
인형계 이야기,채은경,2024.12.18 19:56,2025.01.21 19:00,19,136,9,106960,450228
렉카 이팩트,해니05,2024.12.18 20:33,2024.12.18 20:34,1,4,0,3779,450234
아포칼립스 빌런이 살아가는 법,한미르.,2024.12.18 21:06,2025.01.21 18:20,13,492,7,71117,450235
던검이,제이캐슬,2024.12.18 21:27,2025.01.15 14:10,3,22,0,408461,450236
아포칼립스에서 좀비로 살아남기(가제),전투태세,2024.12.18 21:52,2024.12.19 21:47,2,0,0,10156,450240
2회차,피어.,2024.12.18 21:54,-,0,0,0,0,450241
별이 가지는 능력,오고곡,2024.12.18 22:06,-,0,0,0,0,450242
잃은 것을 되찾는 법,ck92,2024.12.18 22:11,2024.12.18 22:14,1,11,0,5667,450243
이혼 후 빚만 남은 나에게 카페와 기적이 찾아왔다,붉은별빛,2024.12.18 22:20,2025.01.18 22:50,31,7676,398,175262,450244
리버싱(ReverThing),근육뇌,2024.12.18 22:30,2024.12.18 22:34,6,8,0,30251,450246
이상한 나라의 빵집,강아지ai,2024.12.18 22:36,2025.01.18 11:00,13,76,0,45434,450248
인싱깊은 글귀모음집,bomin25,2024.12.18 22:54,-,0,0,0,0,450250
회귀 후 음모론자가 되었다,씨마,2024.12.18 23:19,-,0,0,0,0,450252
이세계 검투사로 살아남기,블루티풀,2024.12.18 23:30,2024.12.24 22:20,4,2,0,18317,450254
마계에서 돌아온 벌레들의 왕,다파,2024.12.18 23:43,2024.12.28 19:10,6,97,3,40576,450257
펜싱 금메달은 소드마스터가 쉽다,돈많을한량,2024.12.18 23:48,2025.01.14 20:05,21,12292,232,110148,450258
다 좋은데 우리 집 고양이는 어디 있죠?,a5687_chrgh233,2024.12.18 23:57,2024.12.18 23:59,1,1,0,4323,450259
망나니신 인간계로 추방당하다,늙귀,2024.12.19 00:04,2025.01.15 00:41,1,2,0,5227,450260
게으르고 나태하다,세계창조자,2024.12.19 00:30,2024.12.19 00:36,1,2,0,253,450261
성좌가 되어 귀환했습니다,하얀색좋아,2024.12.19 00:44,2024.12.29 20:39,10,425,36,53105,450262
망겜을 공략하는 방법,조합원,2024.12.19 01:24,-,0,0,0,0,450263
알람으로 행복하게,김보리아빠,2024.12.19 01:51,2024.12.22 01:14,2,95,4,8307,450266
진산고등학교 마약왕,rnldls,2024.12.19 02:02,2024.12.19 02:54,1,6,0,3508,450268
만조사파리,기마차,2024.12.19 03:08,2025.01.06 02:31,2,4,0,368,450272
헌터들이 찾는 무림 메이드 카페,츳코미연습,2024.12.19 06:01,2024.12.19 07:20,3,3,0,15676,450276
하이소,파도지기,2024.12.19 06:11,-,0,0,0,0,450278
리리소,파도지기,2024.12.19 06:12,2025.01.07 14:48,5,80,0,26222,450279
EX급 천마신교 소환으로 탑 등반,매일아침글,2024.12.19 06:37,2024.12.31 23:00,14,3174,182,89621,450280
세종대왕의 탑비어천가,안경맹꽁이,2024.12.19 07:57,2025.01.10 20:15,9,243,7,24566,450283
아포칼립스에 치트키들고 귀환했다,날글,2024.12.19 07:59,-,0,0,0,0,450284
금쪽같은 천마의 현대 생활,츳코미연습,2024.12.19 08:11,2024.12.25 15:05,9,195,6,49277,450285
불면증인 신은 인간을 꿈꾼다,controler,2024.12.19 08:24,-,0,0,0,0,450286
초월급 권능을 손에 넣었다,관심태그,2024.12.19 09:00,2024.12.21 12:20,5,875,34,20696,450287
시간쟁,김인생,2024.12.19 09:01,-,0,0,0,0,450288
누이를 잃은 칼잡이 협객,로소이다,2024.12.19 09:19,-,0,0,0,0,450291
EX급 펜리르 키우기,버터부터,2024.12.19 09:49,-,0,0,0,0,450293
아라비아의 영웅이 되었다,화성의돌,2024.12.19 09:52,2025.01.04 06:00,17,850,73,87168,450294
콘크리트의 낙원,senku,2024.12.19 10:01,2024.12.19 10:06,1,3,0,4265,450295
은퇴 코더가 빅테크를 사버림 [D],SOKIN,2024.12.19 10:28,2024.12.26 14:39,10,174,0,0,450297
셔터맨이 아내보다 돈을 잘 범,수난,2024.12.19 10:29,2025.01.21 20:00,21,6131,117,116886,450298
방구석 EX급 대장장이가 너무 강함,김택용,2024.12.19 10:37,2024.12.19 15:29,1,3,0,4187,450299
살기 위해 아등바등한 인생에 대하여,기계일,2024.12.19 10:48,2025.01.21 10:44,23,1309,102,138313,450300
멜로디가 보여,비상운,2024.12.19 12:38,-,0,0,0,0,450306
역대급 세계설계사,쥐불노리,2024.12.19 13:10,2024.12.23 13:25,8,83,0,46589,450308
완성형 먼치킨이지만 아카데미 생활은 열심히 하려고요,숭해요,2024.12.19 14:24,2025.01.04 19:55,13,139,0,78259,450314
쾌검천재 회귀천마,처량한날,2024.12.19 14:27,2025.01.18 11:00,27,41778,1242,144830,450315
헬 모드에서 살아남는법,한아울,2024.12.19 14:28,2024.12.19 14:30,1,22,0,6026,450317
개꿀맛 상태창 더부살이,복분자소금,2024.12.19 14:31,2025.01.22 08:00,38,1683,47,231431,450319
"금손 의사, 사업에 재능있음",이안테,2024.12.19 14:36,2025.01.21 11:30,18,1151,80,90010,450320
무인도의 너튜브 스타,수난,2024.12.19 15:00,2024.12.24 20:00,7,805,35,38039,450322
풍전등화,정의군,2024.12.19 15:00,2024.12.20 17:04,27,385,33,38404,450323
초월급 헌터는 흑망생,베스퍼13,2024.12.19 15:03,2024.12.19 15:27,1,3,0,5696,450325
판타지 세계에서 왔습니다. 취미는 게임이고요.,하나곤,2024.12.19 15:18,2024.12.26 10:09,6,49,1,23210,450328
저기.. 휠체어 좀.. 밀어주실래요?,즐거운통닭,2024.12.19 15:20,2025.01.08 20:52,5,44,0,19010,450329
매음굴 천재마법사의 혈통이 비상함,파산드,2024.12.19 15:34,2024.12.20 23:12,5,16,0,31462,450331
쇠퇴한 이세계 전생이 처음은 아닙니다만,Lv.70,2024.12.19 15:35,2025.01.21 17:05,34,1022,7,231457,450332
퓨전 판타지의 호랑이 수인이 되었다.,낭야,2024.12.19 15:40,2025.01.15 11:59,3,57,4,13510,450334
사랑의 3원칙,나초치즈맛,2024.12.19 15:44,2024.12.25 19:00,5,29,0,10267,450335
EX급 대장장이는 자동사냥으로 꿀 빱니다,김택용,2024.12.19 16:08,2024.12.19 16:16,1,0,0,4187,450337
슬럼가 보석상 주인이 되었습니다,고양이형님,2024.12.19 16:09,2024.12.19 16:10,1,11,0,1637,450339
1확2인,Initials.K,2024.12.19 16:16,-,0,0,0,0,450340
나 혼자만 EX급 강화사,김택용,2024.12.19 16:29,2024.12.20 17:25,2,178,12,10206,450341
종교를 탈압박하는 회사원,역촌,2024.12.19 16:29,2025.01.14 21:49,6,23,0,12694,450342
당신의 꿈을 담보로 대출해드립니다.,In혁,2024.12.19 16:31,2025.01.11 06:00,12,71,0,91824,450343
뒷골목 청소부에서 보스까지,모나이루,2024.12.19 16:32,-,0,0,0,0,450344
회귀에 대처하는 올바른 자세,간편한인생,2024.12.19 16:52,-,0,0,0,0,450345
미정 아포칼립스,볼업,2024.12.19 17:21,-,0,0,0,0,450349
천마는 이세계에서 착하게 살기로 결심했다,데스인데스,2024.12.19 17:34,-,0,0,0,0,450351
3001: 스페이스 오딧세이,ryumn,2024.12.19 17:57,-,0,0,0,0,450354
이혼 후 미륵 석탑 등반,양덕채,2024.12.19 18:17,2025.01.13 18:07,4,40,0,12486,450356
우리 회사 대표님이 나를 아껴준다,rothanp,2024.12.19 18:44,-,0,0,0,0,450357
오만한 마왕의 이야기,nephrim15,2024.12.19 19:27,2025.01.21 21:00,41,275,0,135297,450363
약탈자가 무한각성한다,kkimkkim,2024.12.19 19:35,2024.12.24 19:45,6,173,3,28084,450364
요리사가 무림에서 살아 남는법,장진백,2024.12.19 19:39,2024.12.28 19:00,11,1938,48,80657,450365
HP1,poiuy37184613,2024.12.19 19:45,-,0,0,0,0,450367
뒷세계 집행관,프로맥스,2024.12.19 19:52,-,0,0,0,0,450368
나는 물이다,바마나,2024.12.19 20:00,2024.12.31 21:00,11,96,0,59360,450370
이세계 프로그래머는 골렘을 코딩한다,단신부임,2024.12.19 20:04,2024.12.20 10:43,2,11,0,9065,450371
신참 장사꾼이 5개국의 통합을,ewind,2024.12.19 20:15,2024.12.19 20:25,3,10,0,15553,450372
마술 천재가 살아가는 법,고곡바,2024.12.19 20:19,2024.12.22 23:37,5,70,8,29782,450373
"강남 나이트 s급 웨이터, 상향객잔 점소이 되다.",거푸집,2024.12.19 20:30,2024.12.22 21:32,3,24,0,15501,450374
"선을 그은 도시, 악을 품은 사람들",백화목,2024.12.19 20:32,-,0,0,0,0,450376
천무지체: 마법사와 제자,1화만쓰는,2024.12.19 20:43,2025.01.12 23:43,11,74,0,60494,450378
천무지체: 천검귀의 귀환,1화만쓰는,2024.12.19 20:47,-,0,0,0,0,450379
타르쿠스: 패배한 전사의 부활,1화만쓰는,2024.12.19 20:50,-,0,0,0,0,450380
초월급 무신들의 심득을 얻었다,농구광™,2024.12.19 21:24,2025.01.11 07:20,19,12458,215,107131,450382
도박으로 메이저리거가 되었다,이설안,2024.12.19 21:40,2024.12.19 21:41,1,2,0,590,450383
헌터인데 던전보스,양혐,2024.12.19 21:42,-,0,0,0,0,450385
대표님의 기둥서방이 되었다,서담.,2024.12.19 22:27,-,0,0,0,0,450392
그가 관망하는 다른 세계 이야기,청진서,2024.12.19 22:51,-,0,0,0,0,450393
천재배우는 아이돌 연기가 너무 쉽다,디트리히21,2024.12.19 22:57,2025.01.21 23:59,30,17092,543,188145,450395
투자의 신이 된 깡통 개미,모래이불,2024.12.19 23:23,-,0,0,0,0,450396
미궁도시의 천재가 무신을 만나면,설탕눈사람,2024.12.19 23:27,2024.12.29 09:20,12,303,1,66259,450397
어느 날 본드래곤의 집사가 되었습니다,초코슬라임,2024.12.19 23:40,-,0,0,0,0,450399
흐린 날의 경고,Ekim3,2024.12.20 00:34,2024.12.20 20:57,2,8,0,8340,450403
"히든 보상 풀셋 받았더니, 엔딩 이후 세계",끄악끄악,2024.12.20 00:34,2024.12.22 21:01,2,20,0,5564,450404
농부캐 생존일지,동생용사,2024.12.20 01:23,2024.12.20 02:16,6,20,0,18565,450407
운명의 리테,들하늘지기,2024.12.20 01:36,-,0,0,0,0,450409
희망과 절망 사이,2jw10,2024.12.20 01:39,-,0,0,0,0,450410
자작가 순둥이는 천재마법사,장성필,2024.12.20 02:13,2025.01.12 15:05,26,84541,2161,133810,450412
아이템 으로 탑 공략이 너무 쉽다.,toAny,2024.12.20 02:23,2025.01.13 18:00,7,150,13,36640,450414
SSS급 위장결혼으로 인생역전!,노랑™,2024.12.20 02:28,2025.01.07 11:20,3,79,4,17582,450415
SSS급 신수 키워 최강 탑랭커,냠빈,2024.12.20 02:53,2025.01.22 07:20,34,114385,2068,195380,450417
배역이 접신하는 천재 배우가 되었다,제육김밥,2024.12.20 03:05,2024.12.28 00:08,7,307,6,33735,450418
두 번 이혼 후 천재마법사,탕텅탕,2024.12.20 06:48,2024.12.29 13:10,11,2035,66,72263,450424
군고구마 스킬로 세계 최강,한가한량이,2024.12.20 07:25,2025.01.21 20:30,33,2092,104,187376,450426
코인으로 무한 각성하는 소가주,김태현,2024.12.20 07:52,2024.12.27 19:00,11,2408,125,50851,450427
스킬 크래프트로 제국 세우기,꽃우주,2024.12.20 08:17,2024.12.29 00:00,1,4,0,3248,450428
망나니 공격수,펜실,2024.12.20 09:19,-,0,0,0,0,450430
고시의 제왕에서 글로벌 재벌까지,지고청원,2024.12.20 09:31,2025.01.21 19:00,24,33285,882,124945,450431
"딸깍, 신공절학으로 드래곤 때려잡은 썰 품",맛조은글,2024.12.20 10:37,2024.12.31 20:59,11,684,10,63245,450435
방랑자와 마녀,방랑작가,2024.12.20 11:14,-,0,0,0,0,450436
마녀와 방랑자,방랑작가,2024.12.20 11:15,-,0,0,0,0,450437
"특전사, 재벌가의 사위가 되다",동지세미,2024.12.20 11:17,2025.01.21 19:20,32,21623,457,176837,450438
SSS급 소드마스터 유령이 들러붙음,임하진,2024.12.20 12:33,2024.12.27 13:00,12,288,13,52768,450442
천재 배우는 연기가 너무 쉽다,크롱뇽,2024.12.20 12:39,2025.01.03 16:05,18,1100,24,98484,450443
버클 업(buckle up),퀸페리,2024.12.20 12:42,2025.01.19 23:55,10,44,0,53772,450444
100조원을 버는 남자의 비밀,샛길로,2024.12.20 13:02,2025.01.01 21:35,14,921,10,77892,450446
잠수탄 여친이 이세계 용사가 되어 자꾸 나를 소환한다,자몽하리보,2024.12.20 13:12,2024.12.20 17:00,1,0,0,5184,450447
스킬흡수로 무한성장하는 천재마법사,파산드,2024.12.20 13:27,2025.01.20 12:20,26,27475,778,158377,450449
검제교우기(劍帝交友記),아웃독,2024.12.20 13:30,2025.01.15 12:00,22,4584,124,131937,450450
마법대신 과학으로,뉴서정,2024.12.20 13:57,2024.12.28 23:03,1,4,0,1607,450453
겨울의 정취,kiuo,2024.12.20 14:09,2024.12.20 14:24,1,7,0,256,450454
아무래도 평범한 견생은 아닌 것 같다,김주광,2024.12.20 14:27,2024.12.27 15:30,5,201,9,17883,450455
유학가서 마피아와 함께 귀족 상류층 입성 유마귀,강슈,2024.12.20 15:11,2025.01.21 15:05,49,871,1,228002,450456
사이버 펑크 시대에서 해결사로 살아남기,서부글잡이,2024.12.20 15:17,-,0,0,0,0,450458
남궁세가 막내공자의 회귀,식전방장,2024.12.20 15:40,2024.12.20 19:20,1,17,0,2804,450461
EX급 신규 특성으로 초월급 헌터,GMMSE,2024.12.20 16:41,2025.01.02 11:20,14,3879,100,75743,450470
크리처의 아포칼립스 살아남기,말글무,2024.12.20 16:48,2025.01.21 21:50,23,1013,59,113756,450471
잘 생겨지고 먼치킨됨,판토타,2024.12.20 17:00,2025.01.11 09:00,24,36936,734,119709,450478
회귀 고3과 퀘스트창,별구름과자,2024.12.20 17:02,2024.12.20 17:29,1,6,0,1306,450482
이세계 백수 탈출기,lg*****,2024.12.20 17:09,-,0,0,0,0,450483
절대광인,유휘.,2024.12.20 17:10,-,0,0,0,0,450484
회귀자가 데이터 !,카네이투,2024.12.20 17:10,2025.01.02 10:00,15,2739,36,64810,450485
절대무혼,유휘.,2024.12.20 17:11,-,0,0,0,0,450486
귀환자가 너무 강한데요,비상유,2024.12.20 17:29,2025.01.13 12:00,26,78516,1395,138706,450488
퇴사하면 죽는 회사에 입사당함,강책방,2024.12.20 17:45,2025.01.16 23:10,20,804,7,98944,450492
농사짓고 강해짐,티탄토,2024.12.20 17:45,2025.01.12 21:29,25,25261,668,140321,450493
코인소방,남성현,2024.12.20 18:02,2025.01.21 21:20,35,2206,58,182664,450495
천마 눈 떠보니 트럼프 되다,jaehyukgg,2024.12.20 18:17,-,0,0,0,0,450499
"재벌, 대륙을 거머쥐다",펀한바위,2024.12.20 18:32,2025.01.21 11:11,32,4700,18,173729,450500
저는 회귀하기 싫은데요?,영중,2024.12.20 18:42,2025.01.21 12:46,29,632,4,165366,450501
내 요리가 버프 맥스,동화나무,2024.12.20 18:55,2024.12.24 15:11,5,95,13,24408,450502
신부름센터,비니곰,2024.12.20 19:25,2024.12.31 08:21,8,60,0,29132,450503
없는 마법사,크시w,2024.12.20 19:30,2025.01.08 11:15,18,227,6,107077,450504
이범 조선의 왕이 되다,볼드윈,2024.12.20 19:34,2025.01.20 08:41,28,3893,99,154092,450505
반역의 기사,정주(丁柱),2024.12.20 19:35,-,0,0,0,0,450506
독주귀환,이일영.,2024.12.20 19:35,2025.01.20 13:23,20,2417,49,103239,450507
빙의 후 꿀빠는 슬라임 생활,빙덕,2024.12.20 19:38,2025.01.10 22:22,14,201,1,75850,450509
경비녀는 인기가 없다,sairos32,2024.12.20 19:48,-,0,0,0,0,450511
전직 실패 초보자,지은이없음,2024.12.20 19:51,-,0,0,0,0,450514
최강의 각성자는 오늘도 학교에 간다.,pse09876,2024.12.20 19:55,-,0,0,0,0,450516
별을 품은 초보자,지은이없음,2024.12.20 19:59,2025.01.01 18:00,1,6,0,280,450517
기억2024,maykmj17,2024.12.20 20:00,2024.12.20 20:03,3,6,0,17467,450518
부적도사의 이 세계 생존록,래빗글래스,2024.12.20 20:31,-,0,0,0,0,450521
마법이 너무 쉽다,남동쪽길,2024.12.20 20:49,-,0,0,0,0,450522
이혼 후 탑스타,연쇄이혼마,2024.12.20 21:41,-,0,0,0,0,450526
정직한 검사입니다.,심푸리,2024.12.20 22:46,-,0,0,0,0,450532
미래를 보는 타자,dlgksruf63,2024.12.20 23:16,2024.12.20 23:46,1,10,0,1038,450533
발도 하나로 황실 기사로 살아남기,포더엠,2024.12.20 23:17,2024.12.21 23:00,2,91,4,10391,450534
이세계엔 악인이 너무 많다,오오엔,2024.12.20 23:44,-,0,0,0,0,450536
AI 리셋 프로젝트,먹보검,2024.12.20 23:54,-,0,0,0,0,450537
이단의 이름으로 너를 처단한다!,치주염,2024.12.21 00:54,2024.12.21 01:46,1,3,0,4556,450543
초월급 안전가옥을 얻었다,비상운,2024.12.21 00:55,-,0,0,0,0,450544
습작들임,오빗,2024.12.21 01:11,-,0,0,0,0,450545
괴담 속 악덕기업에 취직했다,나오다,2024.12.21 01:38,2025.01.08 21:20,9,450,57,59052,450546
수상한편의점,M루틴,2024.12.21 02:17,-,0,0,0,0,450547
EX급 스킬로 신들도 씹어먹음,아이스망고,2024.12.21 02:31,2024.12.26 14:27,11,677,18,61560,450549
말단병사가 너무 강함,전기톱,2024.12.21 02:41,-,0,0,0,0,450550
절대환생(絕代還生),유휘.,2024.12.21 03:48,-,0,0,0,0,450555
천하신검(天下神劍),유휘.,2024.12.21 03:50,-,0,0,0,0,450556
궁귀마검,유휘.,2024.12.21 03:51,-,0,0,0,0,450557
도검불침,유휘.,2024.12.21 04:04,-,0,0,0,0,450558
"신이시여, 나를 시험하소서",Ekim3,2024.12.21 04:39,2024.12.22 18:30,3,10,0,9221,450560
마프리 산맥엔 전설 속 괴수가 산다,g4413_01088332965anm,2024.12.21 04:53,2025.01.03 03:45,4,16,0,14988,450561
마법망겜속 천재검사,이룰성,2024.12.21 05:00,2024.12.30 18:23,9,155,0,52170,450562
중세시대 영주 슬레이어,유휘.,2024.12.21 05:18,-,0,0,0,0,450563
사직서,명사장.,2024.12.21 06:03,-,0,0,0,0,450564
이세계 방구석 네크로멘서,캐삭빵,2024.12.21 08:01,2025.01.21 19:00,6,1699,29,33160,450567
아카데미 흑마법사 인권 운동가,기술적취침,2024.12.21 08:13,2024.12.21 08:14,1,3,0,4150,450568
위장 용병은 마법 교수가 너무 쉽다,낑깡깽,2024.12.21 08:27,2025.01.06 18:00,2,3,0,13316,450570
오염된 세상속 나만 구원자,졸리당,2024.12.21 08:41,2024.12.21 13:25,5,44,4,26417,450572
망작에서 퇴근하고 싶다,그거다,2024.12.21 08:55,-,0,0,0,0,450573
시한폭탄 로맨스,함몰,2024.12.21 09:32,-,0,0,0,0,450575
방출된 축구 천재가 프리미어리그를 찢음,김택용,2024.12.21 09:51,2024.12.21 11:16,1,31,4,611,450576
유비가 서주를 안 뺏김,별그림자,2024.12.21 09:56,2024.12.21 09:57,1,3,0,3503,450577
EX급 영웅이 돌아왔다,계란탁,2024.12.21 10:04,2024.12.27 13:50,7,16,0,38714,450579
내 탑은 아카데미물이다,글등반,2024.12.21 11:00,2024.12.21 11:21,1,1,0,5659,450582
초월급 흑마법사였던 전생을 기억해버렸다,리슝,2024.12.21 11:04,2025.01.21 23:13,13,12986,346,71188,450583
ARsword,펜들럼,2024.12.21 11:21,2025.01.19 09:58,6,34,0,5930,450584
데미지가 0이라니 완전 러키비키잖아!,작은작가,2024.12.21 11:57,2025.01.19 12:00,29,2581,109,184851,450587
Masquerade - The Original,DDZZ,2024.12.21 12:42,2025.01.22 11:36,39,385,0,193139,450591
오늘만 사는 지존,올해의,2024.12.21 13:04,2024.12.24 17:00,2,2306,66,10814,450593
여배우들이 주인공을 좋아함,10년차망생,2024.12.21 13:13,2024.12.23 11:56,5,128,0,17047,450595
길바닥 출신 마왕의 용사 찾기,헤어밴드,2024.12.21 13:14,2025.01.22 00:00,17,43,0,98339,450597
어둠이 당신을 가릴 때,달하,2024.12.21 13:38,2024.12.28 00:05,16,86,0,80105,450599
이혼 후 편의점에 핵버튼이 생김,음음123,2024.12.21 13:47,2024.12.24 00:20,6,138,3,34069,450600
마족의 일기,글어렵네,2024.12.21 14:04,2025.01.06 00:00,18,135,0,111283,450601
빙의자는 조용히 살고 싶다,롤스,2024.12.21 14:30,-,0,0,0,0,450603
재능있는 헌터는 마정석을 먹고 성장한다,bums™,2024.12.21 14:42,2025.01.21 21:20,34,159213,3471,198800,450605
검협전기,이진하,2024.12.21 14:58,-,0,0,0,0,450607
우리집 냉장고에는 빙하가 흐른다,소모사,2024.12.21 15:06,2024.12.21 15:20,1,45,2,6101,450608
"내 마력한계 999,999,999",백원도둑,2024.12.21 15:36,2025.01.21 14:50,33,108191,2320,175445,450611
유능한 게임개발자는 미쳤다,헝가멍가,2024.12.21 15:44,-,0,0,0,0,450613
우리집 수도에는 영약이 흐른다,소모사,2024.12.21 16:06,2024.12.21 17:20,1,47,1,5514,450615
로스쿨에서 CC를 한다는 것,소사공,2024.12.21 16:15,2024.12.30 11:00,9,52,0,44350,450616
마도학자의 정원,사골물,2024.12.21 16:23,2024.12.21 16:25,1,6,0,3475,450617
선협 속 EX급 특성으로 수련천재,꿀잼글,2024.12.21 16:40,2025.01.21 18:20,33,142336,3053,97309,450620
SSS급 스킬 복사로 초월급 헌터,남진우,2024.12.21 16:41,-,0,0,0,0,450621
신이 우리 어머니를 죽였다.,david_,2024.12.21 16:47,2025.01.21 19:05,33,253,0,138220,450622
가챠로 S랭크 메이드를 뽑았다,산치피치,2024.12.21 16:51,2025.01.06 23:05,13,110,3,67606,450623
불꽃이 드리우는 편지,플라우렘,2024.12.21 17:21,-,0,0,0,0,450624
나 혼자 신화급 무기를 함,스텝.,2024.12.21 17:24,2024.12.29 07:50,10,455,12,53647,450625
지능 만렙 경호원,le*****,2024.12.21 18:41,2024.12.21 20:48,2,6,0,1064,450630
지하철에 유령이 배회하고 있다,취미부자,2024.12.21 19:06,2025.01.10 16:11,5,13,0,15742,450631
꽃이 피어나는 정원,hamster0,2024.12.21 19:11,2024.12.22 11:24,1,2,0,2836,450632
드래곤이 키운 늑대의 아이,이혓닥,2024.12.21 19:26,2025.01.19 17:41,6,33,0,80908,450634
마법사 이야기,기사문학,2024.12.21 19:28,-,0,0,0,0,450635
사이언스 필드,콜라84,2024.12.21 19:46,-,0,0,0,0,450636
몬테바르의 마법사,기사문학,2024.12.21 20:16,-,0,0,0,0,450637
지구인 게이머,namey,2024.12.21 20:20,-,0,0,0,0,450638
오망성의 소드마스터,효광,2024.12.21 20:37,2024.12.27 21:31,7,62,0,36968,450639
작품을 보는 천재 감독이 되었다,고레닭,2024.12.21 21:20,-,0,0,0,0,450643
68번째 회귀관,Padeok1168,2024.12.21 21:29,2025.01.01 00:00,17,52,0,95331,450644
베레시트,아티스테,2024.12.21 21:34,2025.01.05 00:00,3,10,0,9721,450645
혼밥하는 힘법사,칭송,2024.12.21 21:39,2024.12.24 13:30,6,112,0,26176,450646
이혼 후 미궁에서 무한 성장,김비비,2024.12.21 21:55,2025.01.08 17:26,18,1261,20,102863,450647
"F급 헌터, 세계신이 되다",painaepaul,2024.12.21 22:08,2024.12.22 00:39,1,9,0,1927,450649
인생 2회차면 꿀 좀 빨아도 되잖아,이마켄아,2024.12.21 22:23,2024.12.28 23:46,8,89,0,41964,450650
전능의 기계,배덕신사,2024.12.21 22:30,2024.12.21 23:21,1,3,0,1583,450653
이 헌터는 검을 씁니다!,김무백,2024.12.21 22:33,-,0,0,0,0,450654
무신의 귀환은 우주를 진동시킨다,콜라마심,2024.12.21 23:09,2024.12.21 23:11,1,7,0,6839,450656
게으른 천재 무관이 노력가로 회귀함,뢰진주,2024.12.21 23:17,2024.12.26 17:59,8,153,8,49547,450658
회귀한 아이돌이 성공하는법,이아성,2024.12.21 23:41,2024.12.26 10:00,3,61,3,2079,450659
2회차 재벌이 천재가 된 비결,히트다,2024.12.21 23:44,-,0,0,0,0,450660
회귀한 아이돌이 성공하는 방법,이아성,2024.12.21 23:51,-,0,0,0,0,450661
일반연재를 가려면 연애를 해야 한다고?!,브리오슈,2024.12.21 23:55,2025.01.02 19:24,10,122,0,52276,450662
세계 멸망 시키고 지구로 귀환,6수생,2024.12.22 00:06,2024.12.31 20:39,11,348,1,61985,450663
아이템을 잘못 만졌을 뿐,드문세계EX,2024.12.22 00:55,2025.01.06 23:30,2,8,0,4436,450666
제3지구에 강림한 살인마는 감정을 잃었다,ckdtmd0905,2024.12.22 02:08,-,0,0,0,0,450668
대통령의 아이들,royroy123,2024.12.22 02:48,-,0,0,0,0,450671
몰라요,baytree,2024.12.22 04:08,-,0,0,0,0,450673
칠흑의 방랑자,폭풍탈수,2024.12.22 04:31,2025.01.15 08:30,15,103,0,107927,450674
스승님의 진짜 이름은 아직도 가르쳐주지 않았다,mubongdan,2024.12.22 08:45,2025.01.03 22:51,2,7,0,5791,450681
1회 연재한 헌터물이 실화로 변함,닥훈,2024.12.22 08:52,-,0,0,0,0,450683
요괴폰,모리아리아,2024.12.22 09:15,-,0,0,0,0,450684
마녀와 아이,에자,2024.12.22 09:23,2024.12.22 19:00,1,5,1,6109,450685
괴짜 마법사의 모험담,하얀글방,2024.12.22 09:43,-,0,0,0,0,450686
이혼 후 호르몬이 폭주했다.,사라유,2024.12.22 10:26,2025.01.15 19:00,46,56870,1175,221346,450688
아포칼립스에 1레벨 던전을 숨김,김택용,2024.12.22 10:26,2024.12.22 12:47,1,36,2,561,450689
이혼 후 무림의 즉사기 고수가 됨,음음123,2024.12.22 11:03,-,0,0,0,0,450690
피치 위의 마에스트로,베폰,2024.12.22 11:21,2024.12.23 16:04,2,13,0,3642,450691
하남자가 EX급 최면어플로 천재배우가 됨,웜뱃,2024.12.22 11:34,2025.01.21 21:10,35,1962,116,189034,450692
종말의 아이,이계기록가,2024.12.22 11:50,2025.01.21 12:00,24,167,4,97601,450693
빌런만 연기하는 재벌 3세,라이영,2024.12.22 12:33,-,0,0,0,0,450697
판타지 속 돈 없는 인생,커피코피,2024.12.22 12:42,2025.01.14 21:00,18,151,0,89381,450698
연금술사는 별안간 카페를 열었다,플라멜,2024.12.22 13:14,2024.12.22 13:16,5,10,0,29153,450700
n0name,4244s,2024.12.22 13:19,2024.12.22 13:55,1,11,0,1576,450702
qwerqo,효광,2024.12.22 13:42,-,0,0,0,0,450705
운수 나쁜 날,택시운전수,2024.12.22 13:53,2025.01.08 09:00,2,14,0,9333,450707
꿈속으로 떠나는 여행,엘그니스,2024.12.22 13:57,2025.01.21 20:21,3,2,0,1119,450708
마법사의 회고록,크루통,2024.12.22 14:43,2025.01.16 00:09,2,15,0,9376,450711
전염병 시대의 사랑,g4334_shindongshin12,2024.12.22 14:45,-,0,0,0,0,450712
던전 내비게이션으로 꿀 빱니다,불판지배자,2024.12.22 14:51,2024.12.28 22:31,13,196,14,47204,450713
아내가 납치당했다,니트니트,2024.12.22 14:52,2025.01.06 21:10,12,58,0,76022,450714
마력 먹는 마법사,박기린,2024.12.22 16:00,2024.12.25 23:20,3,23,3,16187,450716
내가 먼저 좋아했는데,ckdrb0419,2024.12.22 16:26,2024.12.22 16:31,5,13,0,26638,450720
내가 진짜 신이라고?,아일랜,2024.12.22 16:32,2024.12.22 16:49,1,3,0,602,450721
만별림,맛난농약,2024.12.22 16:45,-,0,0,0,0,450723
홍등가의 대마법사,제비참,2024.12.22 16:57,-,0,0,0,0,450724
별빛이 되어,존도그,2024.12.22 17:21,-,0,0,0,0,450729
잘생긴 청년의 탑 공략법,빵끗빵끗,2024.12.22 17:34,-,0,0,0,0,450732
내 제자가 국가 종말급 빙의자였다,탕아후루,2024.12.22 17:48,2024.12.22 17:52,1,3,0,1157,450736
E급헌터 복싱챔피언 무림에가다.,규스규스,2024.12.22 17:55,2025.01.08 07:30,22,806,5,122172,450737
미국에서 내 노래를 너무 좋아한다,여름맛,2024.12.22 18:06,-,0,0,0,0,450740
로또 당첨인데 일을 왜 함?,잉크맛쿠키,2024.12.22 19:19,-,0,0,0,0,450751
마운드위의 예언자,나는고래,2024.12.22 19:27,-,0,0,0,0,450752
세계의 끝에서 빛을 쫓다,재유니,2024.12.22 19:42,2024.12.22 19:54,1,4,0,6923,450754
인간은 타락했고 신은 인간을 버렸다,gzg1111,2024.12.22 19:53,2024.12.22 22:05,7,30,0,88180,450756
터널링-Tunneling,태호무,2024.12.22 20:14,2025.01.19 20:00,42,449,0,238697,450762
오크우드의 나무꾼,소금맛오이,2024.12.22 20:22,-,0,0,0,0,450763
망상 꾸는 아이,그린사과,2024.12.22 20:31,-,0,0,0,0,450765
좌천 후 초월급 대마법사,남동쪽길,2024.12.22 20:42,-,0,0,0,0,450766
야만인 천재 마법사로 살아가는 법,남동쪽길,2024.12.22 20:42,-,0,0,0,0,450767
백문의 개화,n2801_nnk2020,2024.12.22 20:50,2025.01.15 14:46,4,18,0,30192,450769
게임 속 마법사로 빙의 되었다.,iris7447,2024.12.22 21:19,2024.12.22 22:45,1,2,0,1621,450770
평범한 투수라도 되기,김운,2024.12.22 21:32,2024.12.24 22:58,7,69,8,7715,450772
군림(Reign) Season1 - HeliosZero,정수영,2024.12.22 21:36,2024.12.22 22:15,2,12,0,3556,450773
이혼 후 레드 마피야,부용지,2024.12.22 21:44,2025.01.05 22:25,13,387,1,81240,450774
깨어나보니 공포게임의 주인공,syntax9,2024.12.22 21:56,2024.12.24 00:19,1,3,0,4548,450776
미친 섬의 생존왕,JIB,2024.12.22 22:03,2025.01.05 22:58,6,52,7,33210,450777
작은 별,백묵(白墨),2024.12.22 22:24,-,0,0,0,0,450779
상이군인은 아이돌을 꿈꾼다.,따뜻한일상,2024.12.22 22:29,2025.01.14 20:50,23,5144,176,123910,450780
살기가 싫다,한강행,2024.12.22 22:34,2025.01.06 00:42,12,97,0,78778,450781
그렇게 우리는 살아간다,오민,2024.12.22 22:55,-,0,0,0,0,450786
노웨어랜드,정새벽,2024.12.22 23:04,2024.12.23 01:30,1,3,0,525,450788
누나만 찾으려 했는데 세상을 구하게 생겼다,필완,2024.12.22 23:05,2025.01.21 23:00,19,143,0,124666,450789
먼지 속의 혁명.,도작가,2024.12.22 23:08,2025.01.07 23:00,16,95,0,99478,450790
파혼 후 정령신(精靈神)이 되었다.,커리성,2024.12.22 23:11,2025.01.13 21:20,22,27147,441,137970,450791
철혈권왕(鐵血拳王),갑성,2024.12.22 23:44,-,0,0,0,0,450795
에시 페이트(Ashy fate),물탕,2024.12.22 23:45,2025.01.21 00:41,5,71,4,32435,450796
만년설,갓룡이,2024.12.22 23:49,2024.12.25 22:17,5,15,0,26106,450797
"흉가에 갔더니, 미소녀 귀신이?!",Ekim3,2024.12.22 23:51,2024.12.25 22:57,3,9,0,9566,450798
거미는 알고있다,문루인,2024.12.22 23:59,-,0,0,0,0,450799
유일급 종말의 대천사와 결혼했다,깜짝아,2024.12.23 01:11,2024.12.23 17:21,2,28,2,14668,450801
검은 숲의 소드마스터,새결,2024.12.23 01:32,2025.01.03 14:30,15,3372,73,100432,450802
용병은 길 위에서 태어나고,잉크맛쿠키,2024.12.23 01:43,-,0,0,0,0,450803
응가,응응래그,2024.12.23 02:01,2024.12.25 17:40,4,17,0,25159,450805
마나를 보는 헌터는 복수를 위해 달려간다.,후라이드11,2024.12.23 03:13,2025.01.22 12:05,29,15805,179,150619,450806
이클립스 오브 어비스,a다크베어,2024.12.23 04:41,2024.12.25 21:32,5,49,0,25774,450807
절대마인,유휘.,2024.12.23 04:45,-,0,0,0,0,450808
무한 회귀자가 탑을 공략하는 방법,소성™,2024.12.23 04:46,2025.01.07 22:26,16,1937,53,93140,450809
당신에게 부족한 저는 떠나려고 합니다,k8****************,2024.12.23 06:32,2024.12.28 19:41,2,2,0,10336,450811
유니폼 수집으로 SSS급 스트라이커,노대표,2024.12.23 07:53,2025.01.08 13:00,19,2261,81,137821,450813
제국 총사령관은 환생해서 용병합니다,서서자까,2024.12.23 08:05,2024.12.31 20:00,6,87,4,32214,450814
"나, 농사짓는 NPC 아니라고",크롱경,2024.12.23 08:19,2024.12.27 18:57,4,61,0,25398,450815
헌터가 너무 쉽다,관심태그,2024.12.23 08:22,2024.12.25 11:50,5,311,18,25971,450816
나만 모르는 내가 만든 세계 : 라프레니아,행복보급관,2024.12.23 08:55,2024.12.27 10:09,5,25,0,28424,450817
아이온,쿠살부,2024.12.23 08:59,-,0,0,0,0,450818
사업천재 망나니 영주님,내닫,2024.12.23 10:31,-,0,0,0,0,450823
영주님이 손만 대면 초대박!,내닫,2024.12.23 10:32,-,0,0,0,0,450824
망나니 영주님이 손만 대면 대박,내닫,2024.12.23 10:33,-,0,0,0,0,450825
농로무한 (農路無限) [D],편광(片光),2024.12.23 10:34,2024.12.30 11:39,6,17,0,0,450826
영주님이 손만 대면 대박,내닫,2024.12.23 10:34,-,0,0,0,0,450827
망나니 영주님이 손만 대면 초대박,내닫,2024.12.23 10:35,-,0,0,0,0,450828
환생해서 게임합니다,송순원,2024.12.23 10:37,2025.01.03 10:30,12,147,5,84899,450829
망나니 영주님이 손만 대면 대박!,내닫,2024.12.23 10:38,-,0,0,0,0,450830
국가권력급 귀환자들이 날 너무 좋아함,김택용,2024.12.23 10:38,-,0,0,0,0,450831
영주님이 손만 대면 대박!,내닫,2024.12.23 10:39,-,0,0,0,0,450832
20241223-1 ulyofyfupitypfyfyod,jordiridi,2024.12.23 10:42,2024.12.23 12:18,11,0,0,14,450833
자퇴한 흙수저의 재벌 사가,라미로,2024.12.23 10:43,2025.01.03 20:50,16,5797,184,103720,450834
"20241223-2 ():,.?!-％[]",죠르섭일,2024.12.23 10:44,-,0,0,0,0,450835
방출 후 AI로 천재 타자,릴리프현,2024.12.23 10:57,2025.01.22 08:20,31,70031,1421,168198,450839
이세계에서 영웅은 없습니다,dreamworld,2024.12.23 11:03,2024.12.27 03:25,2,13,0,4357,450840
삼국지: 불패군신 육손전,손목보호대,2024.12.23 11:09,2025.01.03 20:16,10,2962,156,54804,450842
피오나의 선택,천덕구,2024.12.23 11:38,2024.12.23 11:41,1,2,0,5170,450847
사무직이 너무 강해졌다,순탄,2024.12.23 12:11,2025.01.14 19:50,25,2443,53,135523,450851
코인 후 여배우와 하룻밤을 보냈다,소모사,2024.12.23 12:14,2024.12.23 12:17,1,108,2,4960,450852
제노스의 아들,원패쓰,2024.12.23 12:29,2025.01.16 18:00,25,250,0,69692,450854
맛의 갈림길,희어,2024.12.23 12:32,2025.01.21 17:00,20,120,1,87101,450856
천하제일인(네? 제가요?),염대협,2024.12.23 12:37,-,0,0,0,0,450857
스마트폰 쓰는 헬 모드 NPC,한아울,2024.12.23 12:56,-,0,0,0,0,450860
헬 모드 노예에게 스마트폰이 생겼습니다,한아울,2024.12.23 12:58,-,0,0,0,0,450861
혁명군 대장에게 주워졌다.,눈물티백,2024.12.23 13:14,-,0,0,0,0,450864
니가 와라 탑와이,로하이,2024.12.23 13:16,-,0,0,0,0,450865
SSS급 귀환자들이 찾는 초월급 헌터가 되었다,김택용,2024.12.23 13:18,2024.12.23 13:50,1,42,1,2779,450866
프롤레타리아 막장 헤드헌터,대머리독수,2024.12.23 13:46,2025.01.22 06:00,78,5641,152,274565,450869
한국 최초의 탑 공략자,글먹왕,2024.12.23 14:05,2025.01.21 14:11,12,2,0,60642,450871
트론,로하이,2024.12.23 14:29,2025.01.02 19:17,2,0,0,7677,450873
회귀자는 죽기싫다.,iris7447,2024.12.23 14:30,-,0,0,0,0,450874
우주식물로 바이오재벌,소모사,2024.12.23 14:36,2024.12.28 11:20,9,2143,71,47823,450875
회귀자는 쉬고 싶다,자그,2024.12.23 14:37,-,0,0,0,0,450876
천재 환생자의 아포칼립스,이하준,2024.12.23 14:42,-,0,0,0,0,450877
히든 특성으로 창술천재,황금비둘기,2024.12.23 14:47,2025.01.21 19:20,30,560085,10892,159654,450879
소설을 여행하는 소설가,현판글,2024.12.23 15:19,2025.01.09 18:20,14,295,14,85188,450885
빗방울이 폭풍처럼 몰아쳐도,애일,2024.12.23 15:25,-,0,0,0,0,450886
남자 많이 만나보라고 해서 100명 만나봤다,삶무,2024.12.23 15:26,-,0,0,0,0,450887
슬라이더가 너무 강함,온화한,2024.12.23 15:34,2025.01.03 12:20,12,6424,128,61898,450888
내 검술이 계승되고 있다,사이콘패스,2024.12.23 15:37,-,0,0,0,0,450889
이혼한 고졸 신입사원이 광고 천재였다,이하담담,2024.12.23 16:38,2025.01.06 19:26,12,2759,29,64813,450899
회귀한 마법사가 재능이 넘침,소금커피,2024.12.23 16:45,2025.01.01 21:42,10,179,27,61589,450901
꿈 설계자,글아떠올라,2024.12.23 16:55,2024.12.23 17:05,6,15,0,13464,450902
자살 후 무신(武神)이 되었다,한소절,2024.12.23 17:21,2025.01.13 15:46,23,67432,1429,126407,450903
여자친구가 토트넘의 무관 탈출을 바란다,맹박사,2024.12.23 17:22,2025.01.21 20:10,5,159,2,18552,450904
최강이 될 남자의 이야기 : Season 01,교토삼글,2024.12.23 17:34,2024.12.30 01:19,16,52,0,133449,450907
고래 낙하,오리위키,2024.12.23 17:34,2024.12.23 20:07,1,11,0,3945,450908
북부 대공은 가라. 난 남부 백작이다.,영찬이,2024.12.23 17:35,2025.01.12 00:05,21,1856,32,124342,450909
계약자는 복수를 계획한다.,PARO,2024.12.23 17:54,2024.12.23 22:00,1,7,0,8658,450911
환생했더니 이중인격 통역사,혼오드아이,2024.12.23 17:56,2024.12.23 19:36,1,3,0,4361,450912
진화하는 고기슬라임이 되었다,오륙칠팔,2024.12.23 18:20,2024.12.27 17:02,5,61,5,37152,450916
저주받은 왕녀가 죽은 후에,원고의악마,2024.12.23 18:30,2025.01.09 21:00,20,157,0,94831,450919
내 남편은 9서클 대마법사,김명현,2024.12.23 18:33,2025.01.22 12:53,31,749,15,166029,450920
F급 빈민가 헌터는 톱배우였다,가랑.,2024.12.23 18:36,2025.01.19 19:00,30,2842,71,198246,450921
괴선해방전(怪仙解放傳) : 탄핵 된 김에 꿀 빱니다,글택,2024.12.23 19:00,2024.12.27 19:20,5,130,0,31239,450924
이세계 배달원이 배달을 잘함,카사토리C,2024.12.23 19:26,-,0,0,0,0,450928
게임 공략은 당신의 몫이다,어진용,2024.12.23 19:33,-,0,0,0,0,450929
달빛을 머금은 그대,삼이제,2024.12.23 19:36,-,0,0,0,0,450930
어느날 초월급 힘을 얻었다,데데데,2024.12.23 19:43,2025.01.03 20:00,17,502,15,93578,450932
절세 고수는 제대하고 싶다.,네기꺼이,2024.12.23 19:46,-,0,0,0,0,450933
너를 만날 수 있던 세계,츄슈,2024.12.23 19:51,2025.01.21 19:00,22,197,15,116082,450934
하북패협,912,2024.12.23 20:00,2025.01.21 18:20,23,23604,453,129699,450937
사신님과 살고 싶어,삼이제,2024.12.23 20:18,2024.12.25 16:56,1,3,0,574,450940
이혼 후 대마법사,하동댁,2024.12.23 20:32,-,0,0,0,0,450943
x테스트작,서강훈,2024.12.23 20:36,-,0,0,0,0,450944
신입사원들이 탑 등반을 매우 잘함,둥근고딕,2024.12.23 20:38,2025.01.19 22:20,29,74230,1903,168889,450945
철진기이야기,서강훈,2024.12.23 20:39,2024.12.23 20:39,1,6,0,4267,450946
나는 빨간약을 알고 있다,robok03088,2024.12.23 21:33,-,0,0,0,0,450952
"그리고, 여섯",RadioFilm,2024.12.23 21:48,2024.12.31 00:28,3,12,0,12873,450955
네 진통제가 되어줘,lu*******,2024.12.23 21:54,2024.12.29 23:04,6,23,0,18908,450956
SSS급 소환 능력으로 탑에서 꿀빰,백우랑,2024.12.23 21:59,2025.01.20 19:50,29,7622,212,181911,450957
레벨업만이 살길!,벚꽃이야기,2024.12.23 22:15,2024.12.26 20:31,4,43,0,17768,450958
어서오세요 힐링 흥신소입니다,꿈을파는,2024.12.23 22:28,2025.01.13 17:01,19,238,12,76496,450960
행성 파괴 시뮬레이터하다가 각성했다.,로하이,2024.12.23 22:31,2024.12.24 00:05,1,0,0,5060,450961
아카데미의 이방인,오아이이,2024.12.23 22:33,2025.01.12 01:39,1,0,0,993,450962
아카데미의 학고생,오아이이,2024.12.23 22:34,-,0,0,0,0,450963
ARC 정보부 한도현 대리,만류상,2024.12.23 22:50,-,0,0,0,0,450965
휴양지의 그림자,애틴,2024.12.23 23:10,2024.12.30 13:05,8,35,0,20209,450967
탑. 그정도야.,dma...,2024.12.23 23:13,-,0,0,0,0,450968
스마트폰과 함께라면 던전에서도 살 수 있다,마눌고양,2024.12.23 23:16,2025.01.06 20:00,16,443,7,87857,450969
아카데미 용사님은 타락중!,직잭,2024.12.23 23:36,-,0,0,0,0,450970
천재 탈북자는 평범하게 살고 싶었다,쪼꼬링,2024.12.24 00:08,2025.01.19 21:05,25,66,0,140069,450975
종말 속 신화급 대천사의 주인이 되었다,깜짝아,2024.12.24 00:21,2024.12.27 23:44,7,282,8,53647,450976
이혼 후 EX급 주(酒)신 소환으로 탑 공략,자그,2024.12.24 00:24,-,0,0,0,0,450977
없어진 이야기,두게,2024.12.24 01:03,-,0,0,0,0,450982
조선(朝鮮)에서 건너간 부적쓰는 마법사,이현재,2024.12.24 01:32,2024.12.25 00:33,5,36,0,40561,450983
주마등-10년의,늘보술보,2024.12.24 02:14,2024.12.24 02:20,1,2,0,190,450985
은하철도 999 : 나 혼자 탑승,f0x,2024.12.24 02:55,-,0,0,0,0,450986
졸업시킨 술집 여자랑 파혼하고 탑 등반,쮸빠,2024.12.24 02:58,2024.12.27 07:34,6,160,2,42897,450987
좀비 사태에서도 결혼을 할 수 있을까?,JoJeong,2024.12.24 03:35,2024.12.27 10:33,19,112,0,64310,450988
미친 고인물은 바바리안으로 법사함,백넘버,2024.12.24 03:41,2024.12.24 12:35,1,3,0,5626,450989
"길거리 소년들, 무대를 삼키다",jaymie0305,2024.12.24 05:16,2025.01.06 02:23,13,49,0,37906,450990
멸독의 아포칼립스,younsrrr,2024.12.24 08:57,2025.01.22 00:00,16,106,0,38253,450995
미궁의 포식자,상상의행복,2024.12.24 09:21,2025.01.10 23:20,18,1055,30,103404,450996
퇴고퇴고용,하온북,2024.12.24 10:12,2024.12.25 01:08,1,0,0,5235,450998
내가 죽을 때마다 반도가 강해짐,해리퍼터,2024.12.24 10:48,2025.01.22 08:00,22,7299,78,129652,451000
SSS급 빨래에 미친 헌터,공육삼063,2024.12.24 11:04,2025.01.14 20:10,24,2004,88,145716,451003
연재중,이용중,2024.12.24 12:09,-,0,0,0,0,451009
습작 속 주인공은 매 회차마다 두렵다.,엘차신,2024.12.24 12:39,2025.01.03 13:19,7,70,0,32748,451011
미래 조각자의 회귀,초코마루,2024.12.24 12:43,-,0,0,0,0,451012
풍류공자,명혼(明魂),2024.12.24 13:34,2024.12.24 13:36,1,246,1,80,451016
곤륜서록 [崑崙書錄],중천건,2024.12.24 13:48,-,0,0,0,0,451019
마법사로 전직했는데 광역기 밖에 없다?!,마니무라,2024.12.24 15:01,-,0,0,0,0,451028
SSS급 소생술사는 사람 살리는게 싫다,스슥,2024.12.24 15:13,2025.01.21 22:00,3,30,3,15675,451029
아포갈립수(俄咆曷立壽),JJDD,2024.12.24 15:18,-,0,0,0,0,451031
돈으로 찍어누름,차혁,2024.12.24 15:26,-,0,0,0,0,451032
게임을 돈으로 찍어누름,차혁,2024.12.24 15:28,-,0,0,0,0,451033
바비콜렉터,tigerace,2024.12.24 15:35,-,0,0,0,0,451035
단종의 매형으로 잘 살아남기,송이버섯초,2024.12.24 15:37,2024.12.26 13:32,1,0,0,1117,451036
대도서관의 미친 사서,비상운,2024.12.24 15:49,-,0,0,0,0,451037
세상의 이야기,사막당,2024.12.24 16:21,-,0,0,0,0,451042
조금만 더 기다렸다면,kka1230,2024.12.24 16:23,-,0,0,0,0,451043
이동 요새로 SSS 탑 등반,글러트,2024.12.24 16:24,2025.01.22 07:25,31,126268,2761,171761,451045
멸망 말아먹는 초월급 돌싱 헌터,빈글,2024.12.24 16:27,2025.01.21 16:20,34,1959,49,203906,451046
이세계 재능흡수로 만능 사장님,크엉컹컹,2024.12.24 16:44,2025.01.22 10:00,21,22708,1176,133104,451048
가족과 함께 이세계 갔다가 혼자 돌아왔다.,몽글95,2024.12.24 16:44,2025.01.21 22:00,29,2087,69,197519,451049
검사님 저는 범인이 아니라 판타지 오타쿠인데요??,수뿔,2024.12.24 17:51,-,0,0,0,0,451053
내 고아들이 너무 강함,백야필담,2024.12.24 18:02,2025.01.22 01:00,30,47353,1502,201598,451054
회귀했더니 391레벨,이파민,2024.12.24 19:09,2025.01.08 17:50,18,3589,75,110202,451056
완결인줄 알았는데,서진홍,2024.12.24 19:38,-,0,0,0,0,451058
방구석 EX급 던전을 강화하다,김택용,2024.12.24 19:45,2024.12.24 19:52,1,4,0,213,451059
멸망할 세계에 회귀했더니 마족이였다,정얀,2024.12.24 19:56,2024.12.30 21:53,5,117,17,10319,451061
모화매헌전,쿤터,2024.12.24 20:00,2024.12.24 20:06,2,17,0,5807,451062
비석연출자,인간모양새,2024.12.24 20:01,2025.01.13 23:37,6,24,0,32551,451063
귀환자 삼촌이 너무 강함.,김택용,2024.12.24 20:10,2025.01.01 22:25,8,8348,201,31563,451065
나비 나무 그리고 불꽃,우라꺄라랄,2024.12.24 20:22,2024.12.24 20:59,15,43,2,62428,451066
농부가 꿈인것에 대해서,백패커스,2024.12.24 20:25,2025.01.20 18:31,19,425,0,83297,451067
2500서울,아쿠kk,2024.12.24 20:41,2024.12.24 20:51,1,4,0,3741,451069
3000년짜리 목숨이 다할 때까지,검은색남자,2024.12.24 20:43,2024.12.25 21:20,5,19,0,29603,451070
무료배송쿠폰으로 우주정복,팽맨,2024.12.24 20:50,2025.01.10 12:26,7,136,0,35916,451071
지하철 서바이벌,원이사,2024.12.24 20:52,-,0,0,0,0,451072
칼럼람,Nurk,2024.12.24 20:52,-,0,0,0,0,451073
이혼 후 회귀 대박,유휘.,2024.12.24 21:26,-,0,0,0,0,451077
천재 인형사,유휘.,2024.12.24 21:27,-,0,0,0,0,451078
천 번째 이율,허고,2024.12.24 21:29,-,0,0,0,0,451079
혼자이고 싶었는데 정령들과 살게 되어 버렸다.,사과꽃피는,2024.12.24 21:51,2025.01.19 18:58,19,1194,45,132608,451081
삼원색,붉은폭격기,2024.12.24 22:33,2024.12.25 01:37,1,1,1,575,451083
[습작]종말을 끝내려 합니다,ff*******,2024.12.24 23:01,2024.12.24 23:20,1,2,0,653,451086
EX급 핵 딸깍으로 초월급 헌터,배추나무,2024.12.24 23:03,2025.01.21 17:35,28,51953,1047,155544,451088
인류 소멸 현상에서 살아남았다,安郞秀,2024.12.24 23:11,2024.12.24 23:15,1,14,1,1806,451089
1452 덕후조선,담배맛동산,2024.12.24 23:15,-,0,0,0,0,451090
방구석 행성개발,이나르™,2024.12.24 23:23,-,0,0,0,0,451091
ss급 사기치는 힐러,불타는닭발,2024.12.24 23:34,-,0,0,0,0,451092
ss급 힐러로 사기치는 방법,불타는닭발,2024.12.24 23:38,2024.12.24 23:47,1,1,0,698,451093
들어오면 추적 시작,째냐,2024.12.25 00:01,-,0,0,0,0,451094
심장사냥꾼,포먼,2024.12.25 00:56,2025.01.07 17:35,1,2,0,2671,451098
선협식 선술(仙術)을 각성했다.,달Lee,2024.12.25 01:00,2025.01.21 22:32,30,77130,2042,172863,451099
개인확인용,버터도넛,2024.12.25 01:22,2024.12.25 01:23,1,1,0,4944,451101
그 애(보호자가 되고 싶었던 아이),꼬긴고,2024.12.25 01:56,2025.01.18 01:11,16,151,0,80358,451102
드래곤이 먼저냐? 날개가 먼저냐?,bladenfreude,2024.12.25 02:35,2025.01.22 07:00,17,82,0,133305,451104
푸리나를 위해 회귀했다,공장제작가,2024.12.25 03:10,2025.01.02 07:00,9,172,11,41964,451105
초월급 경영 헌터,현소강,2024.12.25 04:26,-,0,0,0,0,451107
기르기 시작한 이상 잡초가 아니게 되었다,오아이이,2024.12.25 05:53,2025.01.03 07:26,3,18,0,10199,451109
해골이 되었다!,규야랑,2024.12.25 06:12,2025.01.22 05:51,119,3489,367,627351,451110
이지모드로 탑 공략함,빵끗빵끗,2024.12.25 07:49,-,0,0,0,0,451114
기타 친 김에 슈퍼리치,손장금,2024.12.25 09:45,2025.01.22 07:00,28,39775,949,181384,451120
결국 살아남아야하니까,흑야아,2024.12.25 10:05,2025.01.22 08:10,19,1153,78,87146,451121
대마법사의 마법서를 다운로드 했다,연구소장,2024.12.25 10:11,-,0,0,0,0,451122
경계에서 증명하는 방법,청사과사탕,2024.12.25 10:15,2025.01.09 19:15,31,145,7,193297,451123
퇴사 후 EX급 플레이어,ROHRAN노란,2024.12.25 10:29,2025.01.01 22:50,12,16498,328,72104,451124
코드 트라이어,모리아리아,2024.12.25 11:30,-,0,0,0,0,451125
마법세계입문합니다,n1525_teodor1,2024.12.25 11:43,-,0,0,0,0,451127
수학여행기,n1525_teodor1,2024.12.25 12:00,-,0,0,0,0,451129
바보의 이세계 구원기,n1525_teodor1,2024.12.25 12:02,-,0,0,0,0,451130
아카데미의 고인물,비상운,2024.12.25 12:11,-,0,0,0,0,451131
천재들 사이 길잡이,ming3777,2024.12.25 13:18,2024.12.25 13:19,1,5,0,6244,451135
반 연대기,부예그나,2024.12.25 13:58,-,0,0,0,0,451138
사상 최약의 힐러는 회귀를 한다.,커피마라탕,2024.12.25 14:09,2024.12.25 22:30,11,49,0,61516,451139
에테르와 톱니 (Aether and Gears),SETEYE,2024.12.25 14:09,2025.01.04 18:23,34,101,10,114036,451140
선협명가 천재 수도자가 되었다,매일아침글,2024.12.25 14:54,2025.01.21 17:05,8,1273,47,44721,451144
연쇄살인마의 센트(scent),강문규,2024.12.25 15:11,2025.01.21 18:30,28,521,3,176913,451146
하루하루 에세이,웃상강아지,2024.12.25 15:26,-,0,0,0,0,451148
잿더미 속에서,xluser,2024.12.25 15:32,2024.12.25 17:21,1,4,0,386,451149
F급 헌터가 우주괴수를 키움,이나르™,2024.12.25 15:39,-,0,0,0,0,451150
점창검마,이승민작가,2024.12.25 15:49,2025.01.04 13:06,22,4416,54,130866,451151
로그라이크 탑에서 인간으로 살아남기,32일,2024.12.25 16:13,2025.01.03 07:30,6,174,7,34651,451153
1ghk말아먹기,whwp,2024.12.25 16:17,2024.12.25 16:30,3,6,0,4262,451154
알고 보니 내 첫사랑은 세상에서 제일 약했습니다,거친동백이,2024.12.25 16:22,2024.12.27 00:57,1,5,0,3414,451155
나 혼자 마수 조종,서문서,2024.12.25 16:25,2025.01.21 18:10,29,2836,32,167469,451156
사이버펑크의 과노자,justhuman,2024.12.25 16:44,2025.01.08 23:50,12,124,0,69769,451159
아포칼립스에서 자동건설로 살아남기,여보개,2024.12.25 17:07,2025.01.03 18:05,12,8398,288,80992,451162
IliIliIIIi,제하(濟河),2024.12.25 17:31,-,0,0,0,0,451163
바이오펑크의 개조인간이 되었습니다,진이호,2024.12.25 17:38,2024.12.25 21:00,1,11,0,7363,451164
선협세계 연단사로 장생불로하기,토마토안주,2024.12.25 18:01,2025.01.19 11:14,12,4841,176,62930,451167
게임 속 NPC에게 집착당하고 있습니다,김탕탕이,2024.12.25 18:03,2024.12.25 20:05,2,9,0,6687,451168
태양을 쫓는 자,작은운석,2024.12.25 18:17,2025.01.21 23:28,28,133,0,152830,451169
일세계,game0723,2024.12.25 18:21,-,0,0,0,0,451170
젝팟터진날의 어지러운 정신 상태를 적어 놓은 일기장,젝팟터진날,2024.12.25 18:39,2024.12.25 19:52,2,5,0,2224,451173
레드 스레드의 마녀,daniluna111,2024.12.25 19:10,-,0,0,0,0,451174
청풍검,syyb1203,2024.12.25 19:31,-,0,0,0,0,451176
2301-0521,리차,2024.12.25 19:33,2025.01.07 23:27,13,146,24,60309,451177
별의 그대에게,Kimjuwon,2024.12.25 19:41,2024.12.26 00:00,1,7,0,8536,451178
드래곤님은 성물이 먹고 싶어,김산(金山),2024.12.25 20:05,-,0,0,0,0,451181
최강 에이전트사 만개,Padeok1168,2024.12.25 20:10,2025.01.01 00:00,8,31,0,43489,451182
별을 그리는 히어로,소드펜,2024.12.25 20:35,2024.12.25 20:38,1,14,0,1928,451188
중독자의 탑 공략,양파뿌리,2024.12.25 20:40,2025.01.02 17:54,15,57,0,76923,451189
선협 천재가 살아가는 법,남동쪽길,2024.12.25 20:46,-,0,0,0,0,451191
왕국의 주인,고고보,2024.12.25 20:49,2024.12.25 23:41,2,16,0,3700,451192
그냥 사람들에게 보여주기 용도로 올리는,le********,2024.12.25 21:00,2024.12.25 21:01,1,2,0,5529,451196
내가 대통령이다.,나정치,2024.12.25 21:07,2025.01.22 08:00,27,4778,177,140558,451197
베이클레스 왕국 이야기,베잇,2024.12.25 21:11,2024.12.25 23:06,16,0,0,84340,451199
아공간 전당포로 인생 역전,유노이아,2024.12.25 21:33,2024.12.27 20:50,4,288,5,17480,451206
귀환 후 초월급 소환사가 되었다,안현™,2024.12.25 21:48,2025.01.05 07:05,14,15414,283,83604,451207
나 홀로 이상한 동물의왕국,행징어,2024.12.25 22:02,2025.01.07 21:20,15,180,0,79682,451209
크라벤스카 어릿광대와 용자,담황여운,2024.12.25 22:03,2025.01.22 12:21,23,131,0,122431,451211
죽은 자의 소생을 손에 얻었다.,알렘빅,2024.12.25 22:05,2025.01.01 17:00,1,0,0,5669,451212
평행우주연합 회귀자 관리국,yamdal,2024.12.25 22:28,-,0,0,0,0,451216
도망자는 죽었습니다,헤일트,2024.12.25 22:32,2025.01.04 15:05,7,41,0,38675,451217
악당과 영웅의 시대:에고소드,선더입니다,2024.12.25 22:35,-,0,0,0,0,451219
악당과 영웅의 시대:삼류악당,선더입니다,2024.12.25 22:35,-,0,0,0,0,451221
악당과 영웅의 시대:설정모음,선더입니다,2024.12.25 22:40,-,0,0,0,0,451223
찐찐짜리 찐찐막,륜상,2024.12.25 22:47,2024.12.31 03:29,13,15,0,66297,451224
셜록과 모리어티: 시대를 넘은 대결,작가진행중,2024.12.25 22:53,2024.12.25 23:16,1,9,0,1862,451226
이야기의 해피엔딩,쥐앰,2024.12.25 23:27,-,0,0,0,0,451231
중년 최강 돌싱이 되었다,울프독,2024.12.25 23:42,2024.12.26 00:09,1,0,0,94,451232
"당근했더니, 아공간이 열렸다",운좋은놈,2024.12.25 23:48,2025.01.22 02:06,21,55596,1597,129934,451233
용사가 아니야,seongin,2024.12.25 23:51,2024.12.25 23:56,1,6,0,179,451234
초월급 재능 구매로 탑을 공략,수제고구마,2024.12.25 23:54,2025.01.18 19:37,25,23816,564,135093,451235
각성한 나노헌터의 무한 진화,눈꽃에이샤,2024.12.25 23:55,-,0,0,0,0,451236
별로...,갓룡이,2024.12.26 00:00,2024.12.26 00:01,1,13,0,20630,451237
천마의 은퇴한 스승이 되어버렸습니다?,여행x,2024.12.26 00:18,2025.01.22 09:15,18,835,1,80677,451238
청랑 靑狼,gust1009,2024.12.26 00:35,2025.01.11 22:41,4,28,0,25284,451241
북부의 기사가 살아가는 법,막고라,2024.12.26 00:38,-,0,0,0,0,451242
도끼 한 자루로 초월급 헌터,생녹차,2024.12.26 00:39,2025.01.12 08:42,10,445,17,60161,451243
무에서 시작되는 최강의 길,루직,2024.12.26 00:43,-,0,0,0,0,451244
[습작]정원사의 조각모음,ff*******,2024.12.26 00:53,2024.12.26 01:10,1,0,0,134,451245
가디언 : 빛과 어둠의 경계,차리원,2024.12.26 02:09,2025.01.12 16:23,2,16,0,6353,451248
보이지 않는 경제제국 OWJ,amugoena,2024.12.26 02:37,2025.01.21 01:00,12,126,0,60792,451249
사이버펑크에서 화살을 쏴라,김세계,2024.12.26 03:02,2024.12.27 04:06,3,25,0,16942,451250
어쩌다 시공간 이동,코멧,2024.12.26 03:45,2025.01.22 11:00,28,1001,11,170468,451251
신중한 청년의 극악 미궁 공략법,추월(追越),2024.12.26 07:04,-,0,0,0,0,451252
신화 창조자 검성 군주는 양치기부터 시작한다,하장로,2024.12.26 07:43,2025.01.01 18:11,7,91,0,37980,451253
내 행운수치가 -0.000001,younsrrr,2024.12.26 08:10,2025.01.02 00:00,11,65,0,25055,451254
불멸의 아카,Laing(랭),2024.12.26 08:12,2025.01.18 22:27,2,8,0,10304,451255
세계멸망급 파혼 소드마스터.,내냄,2024.12.26 08:37,2024.12.27 16:21,2,15,0,3657,451258
절대 부적,오동,2024.12.26 08:41,2025.01.21 16:00,23,1393,111,126676,451259
"탑등반, 나만 보상 무한대",뭉낑깡,2024.12.26 08:46,2025.01.02 08:20,10,8799,224,51861,451260
두 번 사는 마법사,라르파,2024.12.26 09:44,-,0,0,0,0,451265
내일은 음악상점,WizOz,2024.12.26 09:45,2024.12.26 09:49,1,0,0,6381,451266
킬 더 퀸,라르파,2024.12.26 09:46,-,0,0,0,0,451267
펫빨,라르파,2024.12.26 09:47,-,0,0,0,0,451268
정의는 돈이 된다,라르파,2024.12.26 09:47,-,0,0,0,0,451269
게임은 노가다다,라르파,2024.12.26 09:48,-,0,0,0,0,451270
미술은 노가다다,라르파,2024.12.26 09:48,-,0,0,0,0,451271
펄프 크툴루,라르파,2024.12.26 09:48,-,0,0,0,0,451272
솔로몬이 되었다,라르파,2024.12.26 09:49,-,0,0,0,0,451273
웹툰에서 살아남기,라르파,2024.12.26 09:49,-,0,0,0,0,451274
그리스 신화에서 살아남기,라르파,2024.12.26 09:49,-,0,0,0,0,451275
북유럽 신화에서 살아남기,라르파,2024.12.26 09:50,-,0,0,0,0,451276
"1달에 1번, 10년 뒤가 보인다",라르파,2024.12.26 09:50,-,0,0,0,0,451277
회귀자는 공부 따위 안 한다,라르파,2024.12.26 09:50,-,0,0,0,0,451278
천재 백마법사,라르파,2024.12.26 09:51,-,0,0,0,0,451279
SSSS급 엄마가 유산을 숨김.,대박터짐,2024.12.26 10:04,2025.01.05 12:50,13,8067,208,72352,451280
망령들로 쿠데타,냥이네마리,2024.12.26 10:18,2025.01.07 22:15,4,20,0,16075,451281
망겜의 SSS급 헌터 [D],글국,2024.12.26 10:23,2025.01.02 14:09,8,85,1,0,451282
이혼 후 160km를 던지게 되었다 [D],로웰크란,2024.12.26 10:23,2025.01.02 14:09,5,46,0,0,451283
파혼 후 역대급 투자 천재 [D],단골손놈,2024.12.26 10:23,2025.01.03 14:34,9,159,3,0,451284
강철 제국의 위대한 대부호 [D],담하파,2024.12.26 10:23,2025.01.03 14:34,6,26,0,0,451285
미정011,ji********,2024.12.26 11:43,-,0,0,0,0,451287
판타지 세상의 해결사로 사는 법,데이팔,2024.12.26 12:01,2024.12.27 23:35,2,20,0,6118,451288
관존탄생,무림멸망,2024.12.26 12:42,-,0,0,0,0,451290
번개 맞았더니 코인이 100억이란다,소모사,2024.12.26 12:57,2024.12.28 14:29,4,1164,29,18353,451292
반신의 씨앗,younsrrr,2024.12.26 13:15,2025.01.22 00:00,37,211,0,81126,451294
아카데미 고인물의 생존법,비상운,2024.12.26 13:28,-,0,0,0,0,451296
이번 생은 위대하게,울프독,2024.12.26 13:37,-,0,0,0,0,451297
사상 최강 맥아더가 되었다,울프독,2024.12.26 13:38,-,0,0,0,0,451298
재벌가의 사도세자 다시 살다,울프독,2024.12.26 13:39,-,0,0,0,0,451299
강호개영전,경설(京雪),2024.12.26 13:47,-,0,0,0,0,451300
두개의 도시,오니유우,2024.12.26 14:01,2025.01.21 17:30,9,49,9,54623,451302
나 혼자 현질못,Ylvis,2024.12.26 14:20,2024.12.26 23:43,1,3,0,6031,451303
무한회귀 야구선수가 몸을 떠넘겼다,고양이들,2024.12.26 14:22,2025.01.16 22:30,16,272,0,96878,451304
괴물게임 주인공에 빙의한 게임개발자는,냠냠펜,2024.12.26 14:35,2025.01.03 12:50,9,57,0,49481,451308
경찰이된 망나니신은 범죄자를 줘팬다.,글만이,2024.12.26 14:52,2025.01.02 22:15,11,349,7,56445,451309
퇴사 후 농사가 너무 쉽다,남진우,2024.12.26 14:52,-,0,0,0,0,451310
내머리속 AI,younsrrr,2024.12.26 14:56,2024.12.26 14:58,1,35,0,66987,451312
100억당첨이 된 거지 의대생,고고보,2024.12.26 15:06,2024.12.26 16:27,9,67,0,20255,451313
EX급 마법기계군단으로 탑 정복,젤리슬라임,2024.12.26 15:10,2025.01.22 07:50,28,61105,1334,160910,451314
기생신을 얻다,하동댁,2024.12.26 15:28,-,0,0,0,0,451317
바람을 싫은 칼날,훌훌,2024.12.26 15:38,2024.12.26 15:47,1,6,0,983,451321
야구인생 N회차,야채요리,2024.12.26 15:48,2024.12.26 15:49,1,6,0,5222,451322
작가라고 부르기도 민망한 초보의 테스트용,권진두,2024.12.26 16:00,2024.12.28 00:00,3,14,1,16277,451323
태어난 김에 사는 연금술사,퀀스탄틴,2024.12.26 16:03,-,0,0,0,0,451324
환승이별 후 초월급 각성,맛찬,2024.12.26 16:14,2025.01.12 22:27,17,4131,127,83660,451330
"영원히 살 것인데, 이제 몸을 빼앗아서",오오리,2024.12.26 16:17,2025.01.21 18:30,20,291,19,185466,451331
인종차별로 흑화한 축구 감독이 4부리그에서 전설 씀,이고난,2024.12.26 16:28,2025.01.07 17:00,14,2516,53,85590,451332
던전 휴게소는 대박입니다,여사혼,2024.12.26 16:40,2025.01.02 22:05,9,310,14,51946,451334
이세계 취업 준비생,사사마,2024.12.26 16:40,2024.12.26 16:44,1,7,0,762,451335
다크판타지에서도 세금은 걷는다,구십구일,2024.12.26 16:53,2024.12.30 00:00,4,17,0,23281,451337
아내를 바치다,동동개,2024.12.26 17:10,-,0,0,0,0,451339
신계학교 얼굴천재,글등반,2024.12.26 17:28,2025.01.12 14:35,4,0,0,18864,451340
사이버펑크의 마스터키를 받았다,FTK,2024.12.26 17:47,2025.01.22 00:45,23,3099,181,138185,451343
무한 돈으로 탑 오르는 헌터,녹차티,2024.12.26 18:08,-,0,0,0,0,451344
환생수선전(還生修仙傳),남동쪽길,2024.12.26 18:10,-,0,0,0,0,451345
조선천마록,갇힌사람,2024.12.26 18:11,2025.01.01 07:54,7,88,6,36956,451346
ascassddd22,LoveComedy,2024.12.26 18:29,2024.12.26 18:30,1,4,0,3331,451348
별이 없는 세계의 용사,구름왕자,2024.12.26 18:34,2025.01.20 23:04,15,166,0,49154,451349
애호받는 이혼남은 초월급 헌터,태무성,2024.12.26 19:04,2025.01.20 13:27,27,89216,1319,145379,451351
동양화로 배우는 불륜의 기초과정,피해욧,2024.12.26 19:11,2024.12.30 05:51,2,36,3,9233,451353
천하제일은 최악의 둔재.,사람이라,2024.12.26 19:34,2024.12.27 14:22,3,41,3,11075,451356
정거장,문학영역,2024.12.26 19:34,2025.01.13 20:08,28,222,1,162925,451357
남궁천마,글굽는집,2024.12.26 19:37,2024.12.26 19:53,1,10,0,1633,451358
최약이었던 난 하루아침에 최강이 되었다,g9764_aaa01086547468,2024.12.26 19:40,2024.12.26 23:21,1,7,0,3230,451359
검마외전,꽃사월,2024.12.26 20:21,-,0,0,0,0,451362
시련의 탑에서 버그 발생,이순감,2024.12.26 21:07,2025.01.14 23:45,8,98,0,43501,451366
아포칼립스 정력왕,귀농재벌,2024.12.26 21:22,2025.01.22 06:00,35,34508,659,208432,451368
천년지애 - 千年之愛,eunroann,2024.12.26 21:24,-,0,0,0,0,451369
망한 아이돌에서 황태자비로 승격,dudtj9754,2024.12.26 21:32,-,0,0,0,0,451371
정통 판타지,하얀색나비,2024.12.26 21:48,2024.12.26 21:52,2,8,0,11589,451372
지하철역 2025,seoul217,2024.12.26 21:49,2025.01.07 11:02,3,24,0,3106,451373
"멸망후, 야수의 시대",스몰감자,2024.12.26 22:09,2025.01.17 12:40,17,94,7,92201,451374
"전생무신, 사이버펑크를 살다.",asbaldr,2024.12.26 22:10,2025.01.21 15:55,27,5618,252,196105,451375
메소드 연기천재의 아공간,츠로프,2024.12.26 22:11,-,0,0,0,0,451376
살아났더니 해골이랑 동거생활?,쫀둑한떡,2024.12.26 22:19,-,0,0,0,0,451379
Crush on You,아슈Cream,2024.12.26 22:28,2025.01.21 22:00,27,140,0,66189,451381
마지막 정거장,꿈찾,2024.12.26 22:29,-,0,0,0,0,451382
망나니가 대신 회귀하는 방법,imaira,2024.12.26 22:35,2024.12.26 22:35,1,8,0,6247,451385
불멸의 기사님,새벽망울,2024.12.26 22:56,-,0,0,0,0,451387
아카데미에서 공방합니다,비상운,2024.12.26 23:04,-,0,0,0,0,451388
내가 너를 볼 때,김모서씨,2024.12.26 23:38,2024.12.27 00:42,1,6,0,1055,451393
저는 학생이 아닌데요?,비상운,2024.12.26 23:50,-,0,0,0,0,451394
돈으로 찍어 누르는 학군장교,노르만,2024.12.26 23:57,-,0,0,0,0,451395
악에서 돌아온 초신성,하이망,2024.12.27 00:21,2025.01.20 09:31,15,208,1,89108,451396
기록기,알바냥,2024.12.27 00:25,2025.01.11 22:19,3,10,0,2486,451397
돈에 미친 소드마스터가 회귀함,레드보이맨,2024.12.27 00:57,-,0,0,0,0,451401
천재를 연기하다,알렉디마,2024.12.27 01:19,-,0,0,0,0,451404
"억만장자, 택배기사 되다.",신콘,2024.12.27 01:53,2024.12.29 20:20,3,29,0,20360,451405
마나의 아버지,레드보이맨,2024.12.27 02:29,2025.01.17 04:12,6,29,0,31221,451407
"푸른 빛의 소년, 그리고 늑대",지임니,2024.12.27 02:58,2025.01.22 10:10,25,245,0,149405,451409
지옥 속의 회고록,VRN,2024.12.27 03:05,2024.12.27 03:23,1,6,0,2234,451410
지옥 속에서,VRN,2024.12.27 03:06,-,0,0,0,0,451411
천공의 봉화,gogomer,2024.12.27 03:28,-,0,0,0,0,451412
Another : 이전된 김에 엔딩까지,데이타,2024.12.27 06:44,2025.01.02 11:00,2,14,0,10356,451415
강제 은퇴 후 EX급 신들의 상담사,하찮,2024.12.27 07:05,2025.01.12 22:30,19,1411,36,104976,451418
투시안경을 주었다,younsrrr,2024.12.27 08:41,2025.01.12 00:00,25,351,7,50991,451422
고인물 엘프 모험가와 허접 소녀 파티 결성기,제트스키,2024.12.27 09:00,-,0,0,0,0,451425
나는 절대 10억을 벌 수 없다.,사키만자루,2024.12.27 09:30,2025.01.10 11:08,15,1494,75,79286,451426
회귀 후 약혼녀 살해,백혼.,2024.12.27 10:09,2025.01.19 21:40,24,3432,88,129367,451429
테스트용글이당,백혼.,2024.12.27 10:10,2025.01.13 16:17,18,31,0,97021,451430
천재 교수의 회귀생활,김산들,2024.12.27 10:42,2024.12.27 10:43,2,74,0,7323,451432
선협식 수련으로 나혼자 레벨업,달Lee,2024.12.27 11:13,-,0,0,0,0,451434
죽은 학원 최강이 복수를 거행하다,닭모이,2024.12.27 11:23,-,0,0,0,0,451435
잃어버린 것들의 인사,관심태그,2024.12.27 11:52,2024.12.28 20:20,4,93,13,21262,451436
악마성 군주로 잘 살아가기,충의지사,2024.12.27 12:30,-,0,0,0,0,451439
천재 살인마의 사연,권푸우,2024.12.27 12:55,2025.01.15 00:20,7,23,0,29516,451440
분신쓰는 대장장이,younsrrr,2024.12.27 13:11,2024.12.27 13:35,9,59,0,19673,451445
후작가 망나니가 손만 대면 대박,내닫,2024.12.27 13:26,-,0,0,0,0,451447
사업천재 후작가 망나니,내닫,2024.12.27 13:29,-,0,0,0,0,451448
후작가 둘째가 손만 대면 대박,내닫,2024.12.27 13:31,-,0,0,0,0,451449
무무 번역기 : 세상의 모든 언어,올레비엔,2024.12.27 13:56,2025.01.08 18:00,28,92,0,123204,451455
신의 탄생,Contrast,2024.12.27 14:04,2024.12.27 18:00,1,3,0,549,451456
LV. 999 마왕성을 손에 넣었다,레잇나잇,2024.12.27 14:07,-,0,0,0,0,451457
말단 헌터로 살아가는 법,비상운,2024.12.27 14:16,-,0,0,0,0,451459
마법대학원생의 연구일지,반송장,2024.12.27 14:37,-,0,0,0,0,451461
2회차 천재 NBA 단장은 특별하다,메이킹S,2024.12.27 14:56,2025.01.21 18:00,29,9625,371,160179,451462
"오백 년 만에 깨어났더니, 검이 내가 된다",서칸더브이,2024.12.27 14:58,2025.01.09 18:20,14,1113,87,73242,451463
사람들,donkeycake,2024.12.27 15:19,2024.12.27 15:33,1,12,1,4108,451464
코스모스(The Cosmos),ym0754,2024.12.27 15:26,2024.12.27 15:39,5,41,5,7066,451466
눈떠보니 엄마가 블랙드래곤,vjsclaos,2024.12.27 15:33,2025.01.10 10:00,10,140,15,41327,451468
삼국지 영주되다,청월검™,2024.12.27 15:56,2024.12.31 12:21,245,142,0,1386295,451471
게임 디렉팅은 지옥에서 한다,고수열,2024.12.27 16:20,-,0,0,0,0,451474
소환사를 소환하는 소환사,빠다코코낫,2024.12.27 16:33,2025.01.21 18:25,17,837,41,96807,451476
난세의 S급 유망주 수집가,Arch3r,2024.12.27 16:37,2025.01.12 18:00,17,380,0,89273,451477
이세계부터 시작하는 축구감독,빨간새용,2024.12.27 16:48,2025.01.22 07:00,28,395,11,260311,451478
천재 검투사의 악질 스트리밍,모노코드,2024.12.27 17:05,2024.12.27 18:00,3,27,0,11884,451479
무한 회귀 in 아포칼립,돈트스탑,2024.12.27 17:14,-,0,0,0,0,451480
저주사인 내가 스킬을 쓰면 아군에게도 피해가 간다!?!,쉬프루나,2024.12.27 17:21,2025.01.05 01:56,2,44,4,8594,451483
심연의낙인,g7874_heo0730,2024.12.27 17:31,2024.12.28 10:55,2,18,0,8241,451485
꿈과 환상의 용사랜드,우동사리,2024.12.27 18:00,-,0,0,0,0,451486
이세계 라스베이거스,우동사리,2024.12.27 18:02,-,0,0,0,0,451487
개화할 시간,와우바우,2024.12.27 18:28,2024.12.27 18:29,1,1,0,2012,451490
이미 사용 중인 닉네임 입니다.,칩독,2024.12.27 18:43,2025.01.13 19:38,10,70,0,54735,451491
유일급 성장 무기 득템함,비상운,2024.12.27 18:46,-,0,0,0,0,451492
딸깍충이 되고 싶은 흡혈귀 승천기,검은속삭임,2024.12.27 18:51,2025.01.10 19:00,16,143,0,125200,451494
하얀 여우,해원(海原),2024.12.27 19:18,2025.01.15 20:00,42,1306,13,250245,451497
얍얍 무술단련,sn*******,2024.12.27 19:20,-,0,0,0,0,451498
정령12,벽곡면,2024.12.27 20:02,2024.12.27 20:04,4,4,0,109510,451501
삼국지에서 반골의 상으로 살아남기,달Lee,2024.12.27 20:26,2025.01.21 23:37,27,24922,834,146256,451503
아니에요,밤주,2024.12.27 20:45,2025.01.12 13:41,29,126,0,115277,451504
코스모 익스프레스,산타119,2024.12.27 21:13,-,0,0,0,0,451507
ASS급 이세계 일렉트릭 나이트,유현월,2024.12.27 21:27,2025.01.20 20:50,26,239,0,153861,451508
망가져버린 세계의 마지막 용사는 마왕이었다,무귀화령,2024.12.27 21:33,2025.01.09 23:00,31,167,0,144788,451509
그로스,적월소나타,2024.12.27 21:47,2025.01.22 08:00,76,342,0,561739,451511
생각 읽는 투수,mowl,2024.12.27 21:48,2025.01.07 12:08,15,431,4,79687,451512
환영병원 살인과,형송,2024.12.27 22:01,2024.12.27 22:19,2,14,0,8068,451514
카피 능력으로 만능 헌터,그린생,2024.12.27 22:14,2025.01.17 04:17,19,31982,641,103211,451515
귀신눈깔,저속충전기,2024.12.27 22:21,2025.01.01 22:30,6,38,0,26770,451516
주인공이 회귀한 세계에 남겨졌다.,아파소,2024.12.27 22:55,2024.12.29 01:28,3,47,0,14340,451518
아카데미 최강자,akma_indira1108,2024.12.27 23:03,-,0,0,0,0,451519
쌉템,달비채,2024.12.27 23:03,-,0,0,0,0,451520
절경도,jsy,2024.12.27 23:52,2025.01.13 10:00,9,58,0,29561,451525
탑을 오르는 언데드,jybit,2024.12.28 00:03,-,0,0,0,0,451531
더 휴먼 이펙트,핑퐁구,2024.12.28 00:08,2024.12.28 11:30,1,4,0,3007,451533
홍등가의 대마도사,백넘버,2024.12.28 00:20,-,0,0,0,0,451534
마나를 보는 천재 마법사.,누리용,2024.12.28 00:36,2024.12.28 00:37,1,24,2,4912,451536
재벌의 반지하 생활실록,꿈가득남,2024.12.28 00:54,-,0,0,0,0,451540
전생한 엑스트라가 흑막으로 사는 법,윤난민,2024.12.28 01:01,2025.01.14 02:01,2,20,4,12339,451541
청성파가 역대급 망나니 괴물 천재를 숨김,킹슬레이,2024.12.28 01:24,2025.01.06 13:15,10,4996,86,63349,451542
주인공은 소설 속에 없다.,연요호,2024.12.28 01:28,-,0,0,0,0,451543
갓겜의 방랑 마법사,레몬콜라,2024.12.28 02:16,-,0,0,0,0,451544
"그때의 나,그때의 너",beckham0728,2024.12.28 02:30,2024.12.28 02:32,1,7,0,5198,451546
고로도코의 부상,k3358_viscousfluid1,2024.12.28 02:30,-,0,0,0,0,451547
시간을 파는 자,우왕또르르,2024.12.28 04:53,2025.01.06 10:50,11,205,0,120513,451551
신에게 버려진 세계,별가루멘탈,2024.12.28 06:53,2025.01.18 03:06,8,193,8,37339,451554
증명의 대가로 회귀자가 되었다,설탕눈사람,2024.12.28 07:32,2025.01.04 09:20,9,186,3,43723,451555
주인공이지만 조연으로 살래요,엽떡토끼,2024.12.28 08:07,2024.12.28 08:10,1,4,0,2430,451556
스파이로 선택받은 아이,크륭,2024.12.28 08:28,2024.12.28 08:29,1,7,0,3594,451557
쟁패기(爭覇記),어른챙이,2024.12.28 08:50,2025.01.12 10:56,1,0,0,2175,451560
실패한 용사의 2회차,W.D,2024.12.28 09:06,-,0,0,0,0,451561
00000000,청소금,2024.12.28 09:59,2025.01.21 13:45,10,13,0,28668,451569
구석,백묵(白墨),2024.12.28 10:00,-,0,0,0,0,451570
난 그저 조금 외로울 뿐이야,유한락스,2024.12.28 10:45,-,0,0,0,0,451573
검선가,월적,2024.12.28 10:48,-,0,0,0,0,451574
괴담 속 S급 고양이씨,대살™,2024.12.28 11:07,2025.01.02 09:34,4,17,0,16912,451579
이 던전은 이제 제 겁니다,별꽃라떼,2024.12.28 11:11,2025.01.22 12:17,25,83734,2656,140822,451580
일본제국의 천황이 되었다.,사키만자루,2024.12.28 11:14,2025.01.22 11:06,26,18368,850,138598,451581
SSS급 현질러,고여호,2024.12.28 11:25,-,0,0,0,0,451582
나 혼자 일일 퀘스트,스노우베어,2024.12.28 11:48,2025.01.19 23:00,21,18943,662,116573,451584
마인왕!,청월검™,2024.12.28 12:08,-,0,0,0,0,451586
마왕!,청월검™,2024.12.28 12:08,-,0,0,0,0,451588
특성 쌓는 얼굴천재 소드마스터.,내냄,2024.12.28 12:54,2024.12.28 12:55,1,8,0,3699,451590
500층 지하 벙커에서 살아가는 법,감청색하늘,2024.12.28 13:22,2024.12.30 18:07,5,84,0,29657,451592
시시시시,정오니,2024.12.28 13:39,-,0,0,0,0,451594
얜 그냥 검술을 잘함,제비참,2024.12.28 13:40,2024.12.28 13:50,1,1,0,5893,451595
"지금, 렙업합니다",시즈엔진,2024.12.28 14:12,2025.01.04 10:30,11,65,0,34493,451597
지금 레벨업합니다,시즈엔진,2024.12.28 14:22,2025.01.21 21:15,1,4,0,2286,451601
이혼 후 선협 수도자가 되었다,제육김밥,2024.12.28 14:34,2025.01.05 23:58,11,2154,30,53353,451603
Dnanau,고타,2024.12.28 14:35,-,0,0,0,0,451604
위즐,다듬직,2024.12.28 14:56,-,0,0,0,0,451607
재벌이 된 외계 모녀,가두리,2024.12.28 15:29,2025.01.12 07:15,13,224,0,68101,451608
덕질 당하는,이그젝T,2024.12.28 15:41,2024.12.28 17:43,8,11,0,56359,451610
귀환사(歸還師),땡스냥,2024.12.28 15:48,2025.01.10 15:16,9,155,0,50557,451611
유일한 그림자 기사로 살아남는 법,베리형,2024.12.28 15:51,2024.12.28 16:53,1,6,0,2404,451612
신들과 함께 탑 등반,동화나무,2024.12.28 16:22,2025.01.09 22:00,6,125,2,28652,451615
죽이지 않는 킬러,로우스트로,2024.12.28 16:35,-,0,0,0,0,451616
헌신의 마녀,k8740_sprtms6951,2024.12.28 16:54,-,0,0,0,0,451618
절대음감으로 마법천재,땅굴,2024.12.28 16:58,-,0,0,0,0,451619
대장부 (계엄편),홍선수,2024.12.28 17:18,2025.01.05 14:59,4,18,0,14396,451622
무림 2077,아끼르무우,2024.12.28 17:32,2024.12.28 17:41,1,6,0,2009,451624
사랑의 실험실,사실아무개,2024.12.28 17:47,-,0,0,0,0,451626
신과 함께 공연재벌,던필러,2024.12.28 17:52,2025.01.06 22:55,5,23,0,25304,451627
첫 작때 쓸만한 장르,지에르뉴,2024.12.28 18:01,-,0,0,0,0,451628
라 필 두 디몬,onething00,2024.12.28 19:23,2024.12.29 00:00,1,5,0,388,451633
크툴루 아포칼립스에서 회귀로 살아남기,로비리유안,2024.12.28 19:55,2024.12.31 01:23,6,131,11,29826,451636
나의작은단피언집,하늘은이불,2024.12.28 20:04,2025.01.15 16:03,16,86,1,72461,451637
N툴 플레이어,햄버그,2024.12.28 20:11,2025.01.11 16:09,7,1141,62,37281,451638
사랑하는 너에게 하고 싶은 말은,Roe,2024.12.28 20:25,-,0,0,0,0,451641
각성으로 EX급 던전을 얻음,ex마키나,2024.12.28 20:31,2025.01.16 22:38,22,6479,129,108855,451642
아포칼립스 666,올더스,2024.12.28 20:42,2025.01.01 21:00,5,30,0,27800,451643
이단용사의 문화승리 비법,우동사리,2024.12.28 20:51,2025.01.18 13:16,23,732,35,189041,451645
대상인의 귀환,교설작가,2024.12.28 20:53,2024.12.30 00:57,4,85,6,19485,451646
끝난 동화 이야기,하련화,2024.12.28 20:54,2024.12.29 17:26,1,4,0,4019,451647
배우물,구수영,2024.12.28 21:04,-,0,0,0,0,451648
불완전한 세계,디온0121,2024.12.28 21:11,2025.01.07 15:20,19,159,0,118857,451649
버려진 헌터로 사는 법,관심태그,2024.12.28 21:20,2025.01.03 08:20,10,2249,108,52434,451651
너의 취향이 보여,글하얀,2024.12.28 21:39,-,0,0,0,0,451655
가장 찬란한 별의 아이,민조아하악,2024.12.28 22:12,2025.01.16 15:05,2,2,0,10553,451661
죽은 자 가운데서,담불,2024.12.28 22:25,-,0,0,0,0,451663
이세계 소총수,끼끗,2024.12.28 22:28,2025.01.19 14:49,5,39,0,20971,451664
이혼 후 아포칼립스 서울의 EX급 영주가 되었다.,카오카오카,2024.12.28 23:03,2024.12.30 00:20,4,36,0,21554,451665
진짜 평범하게 마왕까지만 잡을게요,Jinzist,2024.12.28 23:18,2025.01.07 07:12,6,67,5,7614,451666
악인들의 도시,이현재,2024.12.28 23:27,2024.12.29 01:00,2,8,0,16563,451668
로메이커,airsupply,2024.12.28 23:34,2025.01.05 12:50,1,8,0,1725,451670
다섯번째 계절,계월[季月],2024.12.28 23:48,-,0,0,0,0,451672
내 AI가 특이점에 도달했다,신비공,2024.12.28 23:59,2025.01.20 22:18,4,283,15,20148,451674
아모스의 순례자,기사문학,2024.12.29 00:15,-,0,0,0,0,451676
3개의 달,나는고래,2024.12.29 00:23,-,0,0,0,0,451677
붉은 해변의 새벽,ExNihilo,2024.12.29 00:28,2024.12.30 00:06,10,60,3,31001,451678
"신입사원, 기업을 삼키다.",BlackSwan.,2024.12.29 00:53,2025.01.22 06:00,35,11064,253,238654,451679
슈퍼 이지모드 헌터물,레잇나잇,2024.12.29 01:22,-,0,0,0,0,451680
"잃어버린 세계, 지배하는 식물",gimminjun1,2024.12.29 01:24,-,0,0,0,0,451681
내 인벤토리 속 사후세계,접향,2024.12.29 01:25,-,0,0,0,0,451682
원색의 세계,박루프,2024.12.29 01:57,2024.12.30 01:58,3,28,0,6276,451686
내가 제일 강하다,노선안내도,2024.12.29 02:11,-,0,0,0,0,451687
말하지 않는 그녀,드닐,2024.12.29 02:38,2025.01.21 21:16,5,21,0,23658,451689
신주쿠 이순신,송스키,2024.12.29 02:45,-,0,0,0,0,451691
방랑하는 용병 교사,사고친고사,2024.12.29 03:13,2025.01.21 18:00,21,207,0,122092,451692
우리는...,저가항공,2024.12.29 03:36,-,0,0,0,0,451693
happy ending sponsor,Narakhan,2024.12.29 05:55,-,0,0,0,0,451697
사생계활:좀비,n3237_jisung090,2024.12.29 06:15,2024.12.29 07:03,1,3,0,1100,451698
마지막 기사단,정인규,2024.12.29 07:44,2025.01.19 08:56,7,25,0,46474,451699
국정원 말단직원,삼둘,2024.12.29 09:15,2025.01.22 12:10,13,12921,506,71569,451701
몬스터세상의 군주가 되었다.,아인드,2024.12.29 09:56,-,0,0,0,0,451703
유일급 잘생김 특성을 얻었다.,내냄,2024.12.29 10:05,2024.12.29 15:34,3,13,0,7749,451705
나비효과 인 서울,째냐,2024.12.29 10:45,-,0,0,0,0,451708
로드발롱,띵봄,2024.12.29 10:53,2024.12.29 18:53,3,3,0,15454,451709
시스템 교도소의 수감자입니다,먹보검,2024.12.29 11:34,-,0,0,0,0,451711
아르카나 전기,Siren7,2024.12.29 12:02,2024.12.30 15:48,2,14,0,8201,451716
더 위스덤(The Wisdom),aingaing,2024.12.29 12:19,2025.01.05 10:12,3,10,0,1344,451717
아포칼립스 잔존자들,통밀빵,2024.12.29 12:22,-,0,0,0,0,451718
다 죽이는 특급 헌터,순살닭다리,2024.12.29 13:50,2025.01.08 14:20,13,635,16,78747,451719
번개 마법사로 살아가는 법,아그네아,2024.12.29 14:13,2025.01.21 17:10,16,4697,203,109366,451720
백작가 망나니가 무공이 너무 강함.,두우두우,2024.12.29 14:16,2024.12.31 23:46,6,668,15,29458,451721
섬을 사는 재벌,클라나드,2024.12.29 14:19,-,0,0,0,0,451722
창천검제(蒼天劍帝),유휘.,2024.12.29 14:36,-,0,0,0,0,451724
남궁세가 천재 공자,유휘.,2024.12.29 14:43,-,0,0,0,0,451725
무능력으로 포스트아포칼립스에서 살아남다.,gimminjun1,2024.12.29 14:54,2024.12.29 15:03,1,7,0,2842,451726
힘ss급인데 법사로 키움,불타는닭발,2024.12.29 15:22,-,0,0,0,0,451728
이세계에 왔습니다.(feat. 구멍가게),작가기능사,2024.12.29 15:31,2025.01.18 18:00,20,1514,68,106353,451729
사형수가 암살을 원함,불타는닭발,2024.12.29 15:57,-,0,0,0,0,451731
"비트코인 창시자, 북한에 회귀하다",마그로도,2024.12.29 16:17,2025.01.21 16:00,19,533,35,75470,451737
게임 속 미궁도시에서 살아남기,김시영,2024.12.29 17:05,2025.01.21 19:50,26,114796,3829,140736,451741
이혼후 선협 각성,사람이라,2024.12.29 17:14,2025.01.19 16:12,23,26464,514,112667,451743
시간 정지로 즐기는 아포칼립스,인돌런스,2024.12.29 17:55,-,0,0,0,0,451747
오버더스트(Overdust),별미에디,2024.12.29 18:37,2025.01.20 14:09,16,80,0,39873,451755
빨대 각성 후 인생 대박,쓰고또쓰고,2024.12.29 19:20,2025.01.08 23:06,5,1171,23,23847,451758
S급들에게 사랑받는 서포터가 되었다,재즈소울,2024.12.29 19:34,2025.01.05 16:21,12,5541,95,71444,451759
최약에서 최악의 EX급 검은 사제,두R,2024.12.29 20:00,-,0,0,0,0,451762
망겜이지만 행복하게 해줄게,찬코,2024.12.29 20:51,2025.01.19 22:08,13,112,1,84049,451768
전직 못하는 저주에 걸렸다.,jin9,2024.12.29 20:56,-,0,0,0,0,451770
꿈을 걷는 정령사,누러엉이,2024.12.29 21:06,-,0,0,0,0,451771
"존잘 억만장자 재벌, 천재 택배기사 되다.",신콘,2024.12.29 21:19,2025.01.09 10:05,5,61,1,31145,451776
마고神의 선택받았다,꿈설,2024.12.29 21:19,2025.01.21 22:35,20,6538,273,113333,451777
무한 복제능력으로 자동사냥,피초,2024.12.29 21:23,2025.01.21 19:20,25,4403,209,144261,451778
s급 힐러가 s급 딜러로 환생하다.,헬삐,2024.12.29 21:39,2025.01.07 12:23,11,4,0,55449,451779
조선의 마지막 학생회장이 되었다,탈닌,2024.12.29 21:51,-,0,0,0,0,451785
이혼후 sss급 무한 정자 소환사,6수생,2024.12.29 22:12,-,0,0,0,0,451795
초월급 헌터가 각성을 잘함,해달수,2024.12.29 22:34,2025.01.11 18:20,13,2060,58,66710,451800
전설로 떠나는 무림의 영웅,스벅추리닝,2024.12.29 22:36,2024.12.29 23:48,2,27,0,2304,451802
거인의 노래,royroy123,2024.12.29 22:36,-,0,0,0,0,451803
천재 교관으로 착각당했다,이나르™,2024.12.29 22:39,2025.01.02 21:20,5,204,6,28548,451804
시간을 거슬러 너를 만나다,titeks,2024.12.29 22:45,2025.01.04 08:00,7,30,0,43837,451805
"신을 협박해 6,000개의 스킬을 얻었다.",량애,2024.12.29 23:42,2025.01.03 15:00,16,75,1,59312,451812
초월자가 돌아왔다,위블,2024.12.30 00:05,2025.01.07 01:35,5,136,2,22402,451815
전직 용사가 세상을 구원하는 법,찬가.,2024.12.30 00:10,2025.01.13 00:00,16,202,0,89798,451817
짝사랑 상대가 아무래도 고양이인 것 같습니다,얌췌,2024.12.30 01:15,2024.12.30 01:17,1,6,0,1558,451819
라이프 노벨,저무,2024.12.30 01:55,-,0,0,0,0,451820
"F급 헌터, 용병 세계로 전직했다",벚꽃이야기,2024.12.30 02:06,-,0,0,0,0,451822
밑바닥 아포칼립스에서 살아남게 됐습니다,룸바오바오,2024.12.30 02:30,2024.12.30 04:29,2,8,0,2235,451824
존버 후 코인대박,작가기계,2024.12.30 02:38,2025.01.22 15:05,18,34455,644,100596,451825
나는 대장장이다.,임시닉,2024.12.30 04:17,-,0,0,0,0,451833
사랑의 정석,CBJ123,2024.12.30 05:08,-,0,0,0,0,451834
부패를 물어뜯는 늑대,poi608,2024.12.30 05:49,2024.12.30 05:50,1,3,0,628,451837
"마나 따위, 필요 없는 진조입니다만?",민초묻었어,2024.12.30 06:29,-,0,0,0,0,451840
이혼 후 은퇴 투수가 회춘했다,나쁘지않아,2024.12.30 07:24,2025.01.22 14:05,27,19311,287,140618,451841
어나더 스카이,ArtrS,2024.12.30 07:40,-,0,0,0,0,451842
수능 망친 고3이 회귀를 결정함,tmdqhr1213,2024.12.30 08:02,2024.12.30 08:18,1,6,0,164,451844
내 캐릭터들이 게임 속 빌런이 되었다.,하얀볶음밥,2024.12.30 08:09,2024.12.30 08:41,5,8,0,25586,451845
비건 드래곤하트 엔지니어,택사,2024.12.30 09:07,-,0,0,0,0,451849
화이트크리스마스,샤덴,2024.12.30 09:24,-,0,0,0,0,451851
Villian Maker(빌런 메이커),소프라니노,2024.12.30 09:27,2025.01.16 00:00,1,2,0,7936,451853
시나리오 이별 반지,EhLee0917,2024.12.30 09:43,2025.01.21 10:31,14,68,0,55411,451857
습)천마 첫날에 선협이 시작됐다,케이로드,2024.12.30 09:49,2025.01.13 17:53,15,46,0,84357,451859
회귀 랭커가 탑 등반을 서두름,겨울사탕,2024.12.30 09:56,2025.01.07 08:05,16,271,41,80547,451860
꿈을 만드는 야매 작가,클레어킨,2024.12.30 10:37,2025.01.21 18:15,21,1373,85,125489,451862
EX급 연중작가의 탑공략법,군슫,2024.12.30 10:39,2025.01.03 18:06,6,154,2,32278,451863
조직 1등이 나를 싫어함,.이디.,2024.12.30 11:08,2025.01.06 10:22,3,30,0,9908,451864
중세에서 방랑할 건데 마법부터 익히고,인생역배,2024.12.30 11:15,2024.12.31 08:20,6,103,0,51081,451867
육중한 무당,키부스,2024.12.30 11:21,2025.01.17 21:07,8,50,0,37802,451868
조커의 게임,n9395_dh915ah,2024.12.30 11:28,-,0,0,0,0,451870
괴담천마,빈글,2024.12.30 11:47,-,0,0,0,0,451872
회귀한 감독님은 에디터를 쓴다,엔비랑께,2024.12.30 11:54,2025.01.06 13:20,11,185,3,75233,451875
타임워프했는데 뭔가 이상하다?,hc*****,2024.12.30 12:19,-,0,0,0,0,451877
천재 화학자의 EX급 슬라임 빙의,오륙칠팔,2024.12.30 12:31,2025.01.15 21:10,20,673,124,139986,451879
신척 : 요귀사냥꾼,뉴원지,2024.12.30 12:36,2025.01.21 18:59,23,240,0,171184,451881
그 무림엔 키메라가 산다,버터도넛,2024.12.30 12:51,2025.01.22 13:30,19,629,49,101074,451883
이민 갔는데 딸이 생겼다,소설마표,2024.12.30 13:41,2025.01.21 15:00,23,171914,3350,121034,451890
"그 능력, 그렇게 쓰는 거 아닌데",말악,2024.12.30 14:04,2024.12.30 20:40,4,55,9,23763,451892
신화 등급 변신으로 랭커까지,짬킹,2024.12.30 14:05,2025.01.11 15:49,7,757,48,39677,451893
염마회귀,유휘.,2024.12.30 14:32,-,0,0,0,0,451895
세상을 읽는 소녀.,마리루씰,2024.12.30 14:55,2025.01.20 14:00,8,30,0,49374,451898
그만 주인공을 죽여버렸다,저무,2024.12.30 15:15,-,0,0,0,0,451901
검투사 브루투스,막서중,2024.12.30 15:24,2025.01.09 10:32,4,22,0,16049,451905
파충류 인간,연방,2024.12.30 15:30,2024.12.30 15:36,1,12,0,3169,451906
몰락한 백작가의 후계자가 된 노예 검투사,드라코,2024.12.30 15:33,2025.01.21 22:30,16,780,15,101008,451908
이혼 후 절대기연,김귀로,2024.12.30 15:37,2025.01.21 19:20,25,10887,152,136118,451909
내리막길은 주옥같다.,허기진하양,2024.12.30 15:38,2024.12.30 16:18,1,4,0,5520,451910
소인 마법사라 하오!,28도,2024.12.30 15:55,2025.01.19 17:00,22,148,2,101942,451911
아이돌 출신 소드마스터가 제국을 구한다,귀신별,2024.12.30 16:02,2025.01.10 12:13,15,132,0,75366,451912
그리세우스,give,2024.12.30 16:22,-,0,0,0,0,451914
SSS급 주사위로 던전 아카데미에서 살아남기,해골손,2024.12.30 16:25,2025.01.04 22:29,8,81,0,50331,451915
환생했더니 나만 능력 없음,PGS,2024.12.30 16:30,2025.01.21 23:55,23,512,2,144275,451917
초록 아재,뉴문.,2024.12.30 16:31,2025.01.03 19:57,3,21,0,12211,451918
판타지 속 오크로 살아가는 법,싸재,2024.12.30 16:32,2025.01.07 19:00,9,131,0,51111,451919
삼촌이 천재였다,전장범,2024.12.30 16:48,-,0,0,0,0,451921
힐링하러 게임합니다.,호몽,2024.12.30 16:50,-,0,0,0,0,451922
"2024년 12월 3일, 대한민국 대통령에 빙의했다.",루크라디아,2024.12.30 16:59,2024.12.30 18:39,1,1,0,2074,451923
EX급 약초밭을 상속받았다,계란탁,2024.12.30 17:14,2025.01.22 13:50,23,135670,3732,130248,451926
재능이 보이는 재벌,클라나드,2024.12.30 17:26,-,0,0,0,0,451930
카피 히어로,0930,2024.12.30 18:12,2024.12.30 18:30,1,5,0,5080,451934
EX급들이 나도 EX급인 줄 안다,초록코끼리,2024.12.30 18:33,2025.01.18 13:30,25,815,51,136178,451936
신과 함께 탑,동화나무,2024.12.30 18:55,2025.01.08 10:32,5,77,4,24058,451937
어둠이 당신을 가릴 때 : 저무는 달,달하,2024.12.30 19:01,2025.01.20 23:50,20,116,0,80094,451938
학살자 용사,책곰팡이,2024.12.30 19:10,-,0,0,0,0,451941
인간 강화,불복매생이,2024.12.30 19:41,-,0,0,0,0,451945
"2487년 여동생, 로봇 전쟁의 서막",fruits0123,2024.12.30 19:54,-,0,0,0,0,451948
게이트 오픈 첫날 각성했다,뚱보고양이,2024.12.30 20:00,2025.01.03 20:00,5,575,20,28842,451950
노가다로 초월급 헌터,말악,2024.12.30 20:02,2024.12.30 20:08,4,3,0,23763,451952
SSS급 지휘관으로 각성했다,디어밸리,2024.12.30 20:06,2025.01.11 23:58,13,185,2,75197,451953
대통령이었는데 환생하니 재벌3세,호시우행,2024.12.30 20:28,2025.01.03 14:20,7,163,0,35910,451955
쌀먹 게임에 무대책으로 빙의함,바크퍼거,2024.12.30 20:31,2025.01.22 11:42,23,250,0,129439,451956
다세신 미리미리미,진범,2024.12.30 20:34,2024.12.30 20:35,1,6,0,4527,451957
축구 실력이 예술임,에이징,2024.12.30 20:37,2025.01.14 21:00,15,695,4,81205,451958
로또 한 장으로 시작한다,임플로이,2024.12.30 20:38,2025.01.22 08:20,15,66406,1696,75792,451959
나 혼자 탑에서 차원문으로 꿀빤다,챠니찬,2024.12.30 20:46,2025.01.21 18:00,16,1248,27,85333,451960
괴이현상 전담 관리반으로 살아남기,제비참,2024.12.30 20:50,2024.12.30 20:51,1,3,0,2388,451962
독립재벌 1945,HGNS,2024.12.30 21:14,2025.01.14 20:00,25,3275,126,149899,451968
부모에게 버려진 후 재각성했다,메유쓰,2024.12.30 21:23,2025.01.22 11:20,27,41476,778,178886,451975
코인 전쟁: 가난한 대학생의 역전 시나리오,BlackSwan.,2024.12.30 21:27,2025.01.13 22:26,19,1003,42,80804,451976
버추얼 아이돌의 매니저가 되었다,니매,2024.12.30 21:43,2025.01.21 21:00,23,254,3,128638,451978
짧은 편이다!,커피코피,2024.12.30 21:55,2025.01.15 01:45,9,0,0,9606,451979
들리지 않는 사랑 노래,이희준™,2024.12.30 22:34,2024.12.30 22:47,14,56,0,107372,451982
헌터? 열? 불? 음..,벽곡면,2024.12.30 22:38,2024.12.30 22:39,1,2,0,80,451983
삼국지 : 칼 끝에 선 자,아이스투샷,2024.12.30 22:46,2024.12.30 23:15,2,2,0,4426,451985
버그급 스킬로 탑등반,말악,2024.12.30 22:58,2024.12.30 23:03,4,22,0,23702,451986
천재 공학자는 더 이상 참지 않아,쪼꼬링,2024.12.30 23:10,-,0,0,0,0,451987
북방 대공의 사생아가 쓸데없이 유능함,아파소,2024.12.30 23:14,2025.01.20 22:32,18,1073,0,97345,451989
괴물이 복수하는 법,당당한계란,2024.12.30 23:46,2025.01.06 00:15,6,24,0,26859,451995
초월자가다죽었으면좋겠다,ghkstodwk,2024.12.30 23:47,-,0,0,0,0,451996
귀환했더니 악몽의 주인공,12시6분,2024.12.30 23:48,-,0,0,0,0,451997
검은 머리 미국 역대급 무기상 재벌,크로추장,2024.12.30 23:57,2025.01.22 12:20,30,42684,990,182136,451999
라니아케아 귀환기,르히,2024.12.31 01:02,-,0,0,0,0,452004
아포칼립스의 고인물 플레이어,강철23,2024.12.31 01:48,-,0,0,0,0,452008
방구석 공중전함 사령관이 되었다,하늘바다땅,2024.12.31 02:52,2025.01.21 20:18,26,20844,685,137000,452010
하룻밤 그녀가 엔터 대표였다,글쓰냥,2024.12.31 03:03,2025.01.21 18:05,27,44577,578,183654,452011
최강 빌런 김철수,어썸하군,2024.12.31 03:25,2025.01.20 07:15,15,403,0,83663,452014
당신을 구원해드립니다!,ga****,2024.12.31 03:36,2025.01.19 18:49,2,6,0,6388,452015
S급 헌터는 아이돌을 희망하지 않는다,은하명,2024.12.31 04:20,2024.12.31 07:28,4,10,0,17969,452018
응애 나 뉴비 작가,낭만빵,2024.12.31 04:22,2025.01.21 01:52,7,0,0,1872,452020
피터팬 : 어른이 된 아이,최공훈,2024.12.31 06:32,2024.12.31 06:50,1,4,0,1736,452024
미래AI로 만렙재벌,파라모르템,2024.12.31 06:50,2025.01.22 09:00,24,18977,483,127402,452025
검술천재의 레벨업,효럽,2024.12.31 09:16,-,0,0,0,0,452027
유니온,슬로브,2024.12.31 09:17,2025.01.15 15:23,1,7,0,3372,452029
게이트 공익의 일기,위스키솔트,2024.12.31 10:52,2025.01.22 14:56,8,113,2,41001,452043
무한 회귀 네크로맨서,클라나드,2024.12.31 11:05,-,0,0,0,0,452046
습장1,클라나드,2024.12.31 11:09,2025.01.03 14:42,5,38,0,26136,452048
설우담 (雪 雨 曇),노동핑,2024.12.31 11:12,2025.01.16 04:50,3,28,0,16851,452050
시간 지배자,글쓴이52,2024.12.31 11:13,-,0,0,0,0,452051
2회차 인생은 용사를 거부합니다,메슈,2024.12.31 11:57,2025.01.20 16:54,17,101,0,89150,452058
기록장하하하,도금호,2024.12.31 12:15,2025.01.21 20:48,23,68,0,138478,452062
삼국지 공융의 아들이 되었다,구일러,2024.12.31 12:17,2025.01.21 21:20,22,14974,409,169048,452063
Bull Horn,riise,2024.12.31 13:13,2024.12.31 13:19,1,6,0,1163,452069
백작가 막내아들은 소드마스터,커피머신,2024.12.31 13:24,2025.01.21 21:20,30,33528,553,217782,452070
회귀한 국뽕 스트라이커가 축구계를 씹어먹음,고수열,2024.12.31 14:09,-,0,0,0,0,452072
역 사거리가 너무 긴 핵능력자,로하이,2024.12.31 15:13,-,0,0,0,0,452077
환생 형벌,가가사리,2024.12.31 15:13,2025.01.22 12:06,14,84,0,74432,452078
삼국(三國)펑크전,저격크리쳐,2024.12.31 15:22,-,0,0,0,0,452079
YOUTUBE 구라로 세우는 황금 제국,한강토,2024.12.31 15:25,2025.01.03 22:10,6,138,6,32334,452080
미친 천재 괴물 배우의 2회차,고수열,2024.12.31 15:34,-,0,0,0,0,452082
마탑 생존자의 귀환,유피토,2024.12.31 15:37,2025.01.05 02:06,5,58,2,26648,452083
히든 테크트리 소드마스터.,내냄,2024.12.31 15:43,2024.12.31 15:43,1,0,0,1,452088
멸망한 세계에서 마지막 저항을,울타리야,2024.12.31 16:04,-,0,0,0,0,452091
내 실수를 바로 잡아줘,귀찮음2,2024.12.31 16:04,2025.01.09 15:42,15,99,1,81036,452092
가짜 헌터 1부: 가짜 상태창,SwanTheWit,2024.12.31 16:06,2025.01.14 01:54,4,53,0,18143,452093
3평 드루이드,잘익은사과,2024.12.31 16:07,-,0,0,0,0,452094
철벽 소드마스터와 하룻밤을 보냈다.,내냄,2024.12.31 16:18,2025.01.10 16:51,8,56,0,37364,452100
이세계 환율이 미쳤다,불판지배자,2024.12.31 16:33,-,0,0,0,0,452101
드래곤 여왕과 잤다,10년차망생,2024.12.31 16:42,2024.12.31 23:15,2,29,0,10334,452102
마법 단 한 발,루즐,2024.12.31 16:55,-,0,0,0,0,452105
탑스타와 결혼했습니다,도소리,2024.12.31 16:57,-,0,0,0,0,452107
검환,Panitasy,2024.12.31 17:14,-,0,0,0,0,452108
부서진 벽돌(가제),공백이,2024.12.31 17:25,-,0,0,0,0,452109
무한의정령사,성단,2024.12.31 17:36,2025.01.22 17:00,23,23640,759,121943,452112
경험치 파는 헌터,닭다리튀김,2024.12.31 17:41,-,0,0,0,0,452113
백합,설도연,2024.12.31 17:42,2024.12.31 17:43,1,0,0,8,452114
"F급 환생용사, 각성은 아직인가요?",허강주,2024.12.31 17:43,2025.01.17 00:05,14,716,5,72270,452115
확률의 균열,사감귤,2024.12.31 17:47,2025.01.01 00:00,3,13,0,9183,452116
이혼 후 S급 연예인과 하룻밤을 보냈다,대왕풍선,2024.12.31 18:15,2024.12.31 18:21,1,72,1,4460,452117
얼음 땡,산우비,2024.12.31 18:35,2024.12.31 18:37,1,0,0,2794,452118
이상한 나라에서 보상이 팡팡,청산초못,2024.12.31 19:07,-,0,0,0,0,452119
마운드의 금태양,성연(誠衍),2024.12.31 19:16,-,0,0,0,0,452120
이세계에서 마법사로 살아남기,역주체,2024.12.31 19:21,2025.01.09 10:21,12,1221,48,76276,452121
흑넘강 미리보기,진범,2024.12.31 19:43,2025.01.22 16:20,19,191,0,110945,452124
녹림환생,청송백,2024.12.31 19:52,-,0,0,0,0,452125
AI로 전설이 되는 법,우는곰,2024.12.31 20:03,2025.01.05 12:00,5,66,1,32027,452126
직구 원툴 유성원,asdfghjjk,2024.12.31 20:06,-,0,0,0,0,452127
짐꾼 코인 채굴장으로 인생 역전,오일이,2024.12.31 20:27,2025.01.21 21:50,23,28507,650,142509,452130
전역 후 재입대한 폐급 소드마스터,한아울,2024.12.31 20:30,2024.12.31 20:31,1,5,0,4412,452131
낙차,k3653_jinsolee0614,2024.12.31 20:45,-,0,0,0,0,452132
아직 정하지 않았음,또래,2024.12.31 20:45,2025.01.05 14:01,6,17,0,34962,452133
생명의 신 에르벨,wbfldks11,2024.12.31 20:46,-,0,0,0,0,452134
멸망 속 작가로 살아남기,아뵹이,2024.12.31 21:11,2025.01.09 23:59,8,124,0,40163,452135
던전 앞 헌팅포차,마삼작,2024.12.31 21:36,2025.01.01 20:00,1,3,0,1453,452137
무적 캠핑카로 힐링 라이프,유노이아,2024.12.31 21:40,2025.01.06 18:20,9,3563,147,48659,452138
힐링인줄,백골유망,2024.12.31 21:42,-,0,2,0,0,452139
멸망이 우리 세계에 왔다,나는똥구녕,2024.12.31 21:44,-,0,0,0,0,452140
일반인 비선출이 농구판을 폭격함,산천(山川),2024.12.31 21:51,2025.01.21 22:20,24,67821,1999,134404,452141
선협 아카데미의 검술 수선자가 되었다,검문연,2024.12.31 22:13,2025.01.10 18:43,12,1393,59,61901,452143
망나니 왕세자는 오늘도 죽고 싶다,기연™,2024.12.31 22:44,2025.01.06 22:50,5,236,5,25633,452146
화형당할 성녀를 구했다,커피라임,2024.12.31 22:50,2025.01.17 17:00,15,2475,67,84179,452147
갑자기 넘겨받은 카피 능력,쇼다,2024.12.31 23:21,2025.01.01 02:09,2,22,2,4232,452151
피의 게임:무기를 든 사람들,마이너스이,2024.12.31 23:24,2024.12.31 23:26,4,23,0,22945,452152
불법체류 이차원 마법사,상월(霜月),2024.12.31 23:24,-,0,0,0,0,452153
임사,낭만쿼카,2024.12.31 23:24,-,0,0,0,0,452154
우주선을 주워 나라를 세움,서울뚠냥이,2024.12.31 23:30,-,0,0,0,0,452155
D.O.T.A. (도타),원포,2024.12.31 23:42,2025.01.09 23:50,10,77,0,70978,452156
메이드는 글러먹은 주인에게서 세계를 지킨다.,세상에무슨,2024.12.31 23:46,-,0,0,0,0,452157
상태창 헌터물,Ink.,2025.01.01 00:00,2025.01.17 23:44,11,1,0,30367,452160
전생용사 XXX 빙의마왕,메르시스타,2025.01.01 00:00,2025.01.21 20:50,23,547,1,119866,452161
오래된숨결,미라쉬,2025.01.01 00:00,2025.01.01 00:15,1,7,0,380,452162
만개(滿開): 천하제일인이 되어야만 한다,풍등화,2025.01.01 00:10,2025.01.21 18:10,25,2307,52,133630,452163
신을 먹는 전설,파파스덕,2025.01.01 00:19,2025.01.08 10:06,15,69,0,82726,452164
초월급 빙하기 특성으로 탑 공략,캡슐진화,2025.01.01 00:31,-,0,0,0,0,452166
미국을 휩쓴 천재 작곡가의 후회없는 음악생활,Oranjiha,2025.01.01 00:41,2025.01.15 12:05,16,1585,38,97256,452167
백월드,동백꽃선생,2025.01.01 00:52,-,0,0,0,0,452171
지구를 구하시오!,입춘방,2025.01.01 01:01,-,0,0,0,0,452173
아이돌이 무림에서 살아남는 법,컴다운,2025.01.01 01:03,-,0,0,0,0,452174
아이돌이 무림에서 살아남는 방법,컴다운,2025.01.01 01:03,-,0,0,0,0,452175
천마는 관대할 필요가 없다,컴다운,2025.01.01 01:04,-,0,0,0,0,452176
천마에게 자비란 없다,컴다운,2025.01.01 01:04,-,0,0,0,0,452177
25년 2월 예정,륜상,2025.01.01 01:05,2025.01.01 01:08,2,0,0,5693,452178
남궁형이 그걸 어떻게 아시오,컴다운,2025.01.01 01:05,-,0,0,0,0,452179
천재 공학자는 더 이상 참지 않는다,컴다운,2025.01.01 01:07,-,0,0,0,0,452180
경계의 시간,컴다운,2025.01.01 01:08,-,0,0,0,0,452181
무신강림: 삼국지 여포,별그림자,2025.01.01 01:18,2025.01.22 08:20,21,30613,785,121218,452182
회귀한 성기사는 축복말고 저주로 강해진다.,K.lassic,2025.01.01 01:24,2025.01.22 13:00,22,713,12,128949,452183
"오라, 찬란한 화염이여",부나,2025.01.01 01:39,2025.01.09 22:51,23,0,0,20115,452185
내가 개발한 어플이 과거와 연결됐다,손영석,2025.01.01 01:50,2025.01.21 20:26,23,9972,469,140544,452186
회귀자의 게이트 비지니스,om********,2025.01.01 03:07,-,0,0,0,0,452188
회귀자의 마스터 키,자이언트킬,2025.01.01 03:09,-,0,0,0,0,452189
혈마법사로 강해지는 법,메켄로,2025.01.01 03:13,2025.01.05 04:55,2,6,0,11138,452190
핵 앤 슬래시,메켄로,2025.01.01 03:43,-,0,0,0,0,452191
어서와 헌터 학교는 처음이지?,거북맛사탕,2025.01.01 04:00,-,0,0,0,0,452192
환생한 투수가 마구를 던짐,달디단,2025.01.01 09:27,2025.01.18 12:25,19,1054,39,109131,452205
마고왕,마고신,2025.01.01 09:35,2025.01.01 09:37,1,5,0,5882,452206
이계경영,이세파랑,2025.01.01 09:50,2025.01.20 01:00,21,270,0,98243,452207
회귀했는데 팀이 너무 강함,마사빕,2025.01.01 09:50,-,0,0,0,0,452208
뱀파이어 형사는 사건일지를 잃어버렸다,안유덕,2025.01.01 10:12,2025.01.21 18:00,32,308,40,181164,452209
고철과 반역자의 관계성,갇힌사람,2025.01.01 10:23,2025.01.11 20:13,4,20,0,20698,452211
발로 회복하는 힐러가 되었다,니트알파몬,2025.01.01 10:23,-,0,0,0,0,452212
로딩 더 탑,은하작가,2025.01.01 11:36,2025.01.12 02:21,8,50,0,38445,452215
무지한 용은 길을 걷는다,네이트람,2025.01.01 11:40,2025.01.21 18:00,22,135,0,121983,452216
나 혼자만 마법면역,순돌12,2025.01.01 11:40,2025.01.03 23:23,3,16,4,19714,452217
추후왕,hongsegcha,2025.01.01 11:46,2025.01.22 00:00,16,77,0,102287,452218
퇴사하니 인복이 터짐,정왕재중정,2025.01.01 11:53,2025.01.21 11:33,11,265,1,63445,452221
헌터물 연대기,벨벨,2025.01.01 11:54,-,0,0,0,0,452222
두 번째 아카데미 엑스트라,HRstudio,2025.01.01 11:57,-,0,0,0,0,452225
미궁에서 살아남는 법,꿀땅콩™,2025.01.01 12:03,-,0,0,0,0,452226
천재 배우의 미션은 아이돌로 데뷔하는 것,Laonhaje,2025.01.01 12:44,-,0,0,0,0,452227
야만inn,띵봄,2025.01.01 13:25,2025.01.01 13:26,1,0,0,7966,452230
백강태왕 연대기,W1NG,2025.01.01 13:37,2025.01.03 23:35,5,23,0,22221,452231
이세계는 최악이었다,카트강탈범,2025.01.01 13:40,2025.01.13 05:43,5,24,0,8509,452232
신 있는 세계에서 목적 찾기,tkdgurdl7,2025.01.01 13:46,2025.01.01 14:02,1,5,0,6830,452234
향(smell),k1049_skfdkrkffo,2025.01.01 14:07,-,0,0,0,0,452236
딸깍 마법사,김불록,2025.01.01 14:15,-,0,0,0,0,452237
신은 아직 기적을 모른다.,devish07,2025.01.01 14:18,-,0,0,0,0,452238
EX급 아포칼립스 문명 키우기 스킬을 얻었다,서맨,2025.01.01 14:50,2025.01.17 08:50,14,1018,34,111510,452241
시스템 교도소의 수감자,먹보검,2025.01.01 15:17,2025.01.21 23:41,6,30,0,27437,452243
e-나라 평균 김민우,매생매생,2025.01.01 15:25,2025.01.01 16:18,3,22,0,11674,452244
막장 드라마,더나은삶,2025.01.01 15:39,2025.01.01 15:42,1,5,0,463,452245
천하제일인의 딸을 꼬셔버렸다,글택,2025.01.01 15:51,2025.01.21 19:20,21,34526,654,134366,452246
나 혼자 탑 밖에서 초월급으로 강해짐,쿠크디스,2025.01.01 15:52,-,0,0,0,0,452247
소설은 리얼이다,제트6,2025.01.01 15:57,2025.01.05 18:57,2,11,0,4373,452248
발해회복전쟁,대역빌런,2025.01.01 16:10,-,0,1,0,0,452250
진동능력으로 세계 최강,스무고개,2025.01.01 16:17,-,0,0,0,0,452251
선협 속 게임 수선전(修仙傳),6수생,2025.01.01 16:22,2025.01.20 22:11,20,3082,143,106574,452252
"흑마법사, 좀비 아포칼립스의 구원자가 되다",방콕글쟁이,2025.01.01 16:23,2025.01.21 19:00,23,395,0,149418,452253
고독한 S급헌터는 아포칼립스에서 아이를 만났다.,젤리지르콘,2025.01.01 16:37,2025.01.07 20:45,7,149,6,43998,452255
챗 GPM으로 이세계 힐링라이프,4분,2025.01.01 16:44,-,0,0,0,0,452256
무당 이세계 가다,문상인,2025.01.01 16:44,2025.01.01 17:03,1,12,0,5336,452257
우리는 외계인을 불태웠다,L.IS,2025.01.01 16:45,-,0,0,0,0,452258
투샷(Twoshot),미소나인,2025.01.01 17:19,-,0,0,0,0,452259
픽셀 캐릭터 생존기,구구밥,2025.01.01 17:30,-,0,11,0,0,452260
혼자 돌아가는 길,er7,2025.01.01 17:32,-,0,0,0,0,452261
뒤주 첫 날 게이트가 열렸다.,시공전사,2025.01.01 17:42,-,0,0,0,0,452263
죽음의 신의 선물,Wls만두,2025.01.01 17:51,2025.01.20 22:49,19,102,0,126545,452264
외계인시점지구,hello_1,2025.01.01 18:03,2025.01.04 12:50,1,5,0,2082,452267
이혼 후 유일한 신화급 각성자가 되었다,아르케,2025.01.01 18:04,2025.01.21 19:20,23,93329,1496,128312,452268
시드2,611elsol,2025.01.01 18:05,2025.01.08 12:49,4,33,0,18838,452269
거울 세계에서 기연독식,기세(氣勢),2025.01.01 18:34,2025.01.21 18:50,16,644,33,73252,452271
"고고학자였는데, 지금은 공룡과 생존 중입니다!?",라프터,2025.01.01 18:47,2025.01.03 21:14,6,37,3,20010,452276
나의 세계는 오늘 멸망했다,나여친,2025.01.01 19:10,-,0,0,0,0,452279
역대급 천재 괴담 사냥꾼,연진(連進),2025.01.01 19:13,2025.01.08 21:15,10,293,17,56490,452280
에이전시 지구,율이아부지,2025.01.01 19:38,-,0,0,0,0,452281
무제45,심게,2025.01.01 19:52,-,0,0,0,0,452285
SSS급 헌터가 다크 판타지를 부숨,서리포션,2025.01.01 19:53,-,0,0,0,0,452286
제약영업으로 부자까지,호닢,2025.01.01 19:54,2025.01.21 19:46,16,212,0,80675,452287
ECS,MY1,2025.01.01 19:59,-,0,0,0,0,452288
이 세계로 전생한 거 아니었어?,wnsgh2089,2025.01.01 20:27,2025.01.21 17:00,18,97,1,99632,452289
[조직명 : 쉐도우],무의공백,2025.01.01 20:31,2025.01.21 17:53,3,26,0,9812,452290
친구,구포대교,2025.01.01 20:38,2025.01.01 20:41,1,8,0,728,452291
S(EX)급 천재가 게임을 존나 잘함. 재능이 미쳤음,김옥지,2025.01.01 20:38,2025.01.05 23:21,7,212,9,41195,452292
회귀하는 풋볼 감독,하루니,2025.01.01 20:41,2025.01.20 20:05,20,155,0,100227,452293
하남자는 헌터 매니저로 발령되어 난감해요,하루니,2025.01.01 20:54,2025.01.11 19:05,11,145,0,55382,452294
무능하다고 소꿉친구에게 차였지만 사실 재벌입니다.,하루니,2025.01.01 21:01,2025.01.11 21:05,11,342,0,53159,452295
우주 항모를 줍고 개고생 중.,블랙카드,2025.01.01 21:14,2025.01.22 14:49,17,819,43,126438,452296
낙원의 교단,Yasiin,2025.01.01 21:27,2025.01.01 21:29,1,7,0,5404,452297
우주의 항해자,n2491_tkdrua1231,2025.01.01 21:48,2025.01.20 20:40,8,50,0,23008,452300
폭식,uiop7860a,2025.01.01 21:49,2025.01.01 21:54,1,7,0,1435,452301
탑에서 상가 운영합니다,인생무탈,2025.01.01 21:57,2025.01.21 23:00,21,1592,110,109139,452302
취사병이 요리를 너무 잘함,에바트리체,2025.01.01 22:01,2025.01.21 23:52,21,45065,1158,107795,452303
파혼한 SSS급 빙의자는 4살부터 탑 등반,이룬.,2025.01.01 22:04,2025.01.12 08:59,13,3916,71,79319,452304
로또 대박 검은머리 스폰서,아피로,2025.01.01 22:10,2025.01.17 22:28,15,16317,501,86396,452305
환생한 소드마스터가 신력을 안 숨김,강성혁,2025.01.01 22:13,2025.01.19 19:20,19,1291,72,114458,452306
죄인의 순례길,솜임,2025.01.01 22:20,2025.01.21 17:35,8,16,0,31740,452307
인공지능이 살아있다,백북이,2025.01.01 22:29,2025.01.21 22:06,8,165,0,45207,452308
마도공학독립운동가 김득철씨,룡과범,2025.01.01 22:41,2025.01.10 05:35,14,437,20,30390,452310
이혼 후 회춘했다,클라나드,2025.01.01 22:42,-,0,0,0,0,452311
습장2,클라나드,2025.01.01 22:43,2025.01.05 00:31,1,1,0,5258,452312
어느날 우주적으로 지구문명이 멸망했다.,굿보이1,2025.01.01 22:45,2025.01.01 23:21,1,5,0,3165,452313
천사와의 동거,goldwh77,2025.01.01 22:47,2025.01.17 23:51,4,22,0,12613,452314
내 도트딜이 즉사급이다,로하이,2025.01.01 22:58,2025.01.04 00:06,2,0,0,9859,452315
아빠도 헌터합니다.,99SB,2025.01.01 23:03,-,0,0,0,0,452316
루팅(Looting),얼음코끼리,2025.01.01 23:19,2025.01.01 23:35,1,2,0,7334,452317
망한 세계를 게임으로 착각시켰다.,크레도,2025.01.01 23:21,2025.01.22 17:20,24,296989,10862,157207,452318
모험도 처음인데 여기는 너무 과한 거 아니야?,넙적광어,2025.01.01 23:26,2025.01.02 00:42,1,2,0,8624,452319
나만 국가재난급 헌터가 되었다,여르여르,2025.01.01 23:41,2025.01.16 18:00,7,61,6,37056,452322
환생하여 다시 만나요,제마이,2025.01.01 23:43,2025.01.08 23:30,2,6,0,9290,452323
걸그룹 멤버와 동거합니다,코우운,2025.01.02 00:00,-,0,0,0,0,452325
차원상점에 선협식 성장을 더하면,레단,2025.01.02 00:06,-,0,0,0,0,452326
오류가 탑에서 살아남는 법,암의,2025.01.02 00:43,2025.01.09 18:20,13,121,0,55958,452328
별의 순례자,오늘도주병,2025.01.02 00:46,-,0,0,0,0,452329
신성가문 막내아들은 죽음의사제,김민무,2025.01.02 01:04,2025.01.02 05:02,1,8,0,1903,452331
나 혼자 보상 독식,스슥,2025.01.02 01:04,2025.01.21 18:30,30,2548,60,155281,452332
에그,EOTS,2025.01.02 01:06,2025.01.02 02:40,1,4,0,2638,452333
"귀머거리, 최고의 마법사가 되고 싶어",북윔,2025.01.02 01:32,-,0,0,0,0,452335
모기 사냥(살인자와 형사의 이야기),오만년묵은청개굴,2025.01.02 01:46,2025.01.21 10:00,17,639,3,75307,452337
환생퀸 1988,신예진,2025.01.02 02:41,2025.01.02 05:19,1,8,0,5976,452338
지상 최고의 용살자,Yana1,2025.01.02 04:06,2025.01.19 16:30,8,140,3,49858,452341
좀비생존규칙101가지,하현수,2025.01.02 04:40,2025.01.12 14:00,3,17,0,19159,452343
마법학교 검술천재,이삭줍기,2025.01.02 06:16,-,0,0,0,0,452347
데스게임에서 살아남기,디산트,2025.01.02 07:04,-,0,0,0,0,452351
멸망 시나리오를 완성하는 방법,가정경비원,2025.01.02 07:19,2025.01.09 16:05,1,9,0,1895,452352
회귀 후 천하제일인,관심태그,2025.01.02 07:40,2025.01.15 20:20,16,10855,257,79234,452353
연습노트 3,테리빈스,2025.01.02 08:43,2025.01.02 08:47,2,11,0,9743,452357
라피스라줄리- 지난 10만년간의 인류의 역사 중,강문규,2025.01.02 10:19,2025.01.21 19:00,12,117,1,74510,452363
무림 고수가 되고 싶었던 황궁 학사,밋밋한토끼,2025.01.02 10:50,-,0,0,0,0,452366
돼갈남 1일차,덤피,2025.01.02 10:54,-,0,0,0,0,452367
무립 직장인 생존기,cheolwang,2025.01.02 11:06,2025.01.02 13:14,1,1,0,3355,452370
시골의사와 마왕의 딸,옆집고래,2025.01.02 11:24,2025.01.14 11:42,13,4634,89,69712,452372
애니멀 헌터스,낸내,2025.01.02 11:36,-,0,0,0,0,452373
말단 병사가 군단을 숨김,소수깡,2025.01.02 11:42,2025.01.13 20:50,14,14145,349,99807,452374
찡찡이 일기,두루밥,2025.01.02 12:09,2025.01.09 15:29,8,22,0,21101,452376
마이너스소녀,jhjh0913,2025.01.02 12:41,2025.01.13 06:00,4,21,0,20926,452381
